Municípios,Gentílico,PIB per capita,População
Abadia dos Dourados,mineiro,"25174,26 R$",6272 pessoas
Abaeté,mineiro,"23266,1 R$",22675 pessoas
Abre Campo,mineiro,"19553,86 R$",13927 pessoas
Acaiaca,mineiro,"16247,06 R$",3909 pessoas
Açucena,mineiro,"17888,2 R$",8943 pessoas
Água Boa,mineiro,"14421,07 R$",12589 pessoas
Água Comprida,mineiro,"115725,51 R$",2108 pessoas
Aguanil,mineiro,"20762,54 R$",4357 pessoas
Águas Formosas,mineiro,"14913,12 R$",18448 pessoas
Águas Vermelhas,mineiro,"17329,28 R$",14037 pessoas
Aimorés,mineiro,"25402,54 R$",25269 pessoas
Aiuruoca,mineiro,"21608,49 R$",6233 pessoas
Alagoa,mineiro,"17958,99 R$",2749 pessoas
Albertina,mineiro,"51065,05 R$",2952 pessoas
Além Paraíba,mineiro,"27422,83 R$",30717 pessoas
Alfenas,mineiro,"43049,74 R$",78970 pessoas
Alfredo Vasconcelos,mineiro,"21364,59 R$",6931 pessoas
Almenara,mineiro,"15924,96 R$",40364 pessoas
Alpercata,mineiro,"12700,99 R$",6903 pessoas
Alpinópolis,mineiro,"26133,79 R$",18300 pessoas
Alterosa,mineiro,"20357,31 R$",13915 pessoas
Alto Caparaó,mineiro,"16354,23 R$",5795 pessoas
Alto Jequitibá,mineiro,"15158,56 R$",8397 pessoas
Alto Rio Doce,mineiro,"16798,64 R$",10891 pessoas
Alvarenga,mineiro,"14445,67 R$",3975 pessoas
Alvinópolis,mineiro,"22478,72 R$",15059 pessoas
Alvorada de Minas,mineiro,"17990,28 R$",4159 pessoas
Amparo do Serra,mineiro,"12045,13 R$",4541 pessoas
Andradas,mineiro,"28386,06 R$",40553 pessoas
Andrelândia,mineiro,"23950,85 R$",11927 pessoas
Angelândia,mineiro,"16818,81 R$",7718 pessoas
Antônio Carlos,mineiro,"21088,32 R$",11095 pessoas
Antônio Dias,mineiro,"96894,13 R$",9219 pessoas
Antônio Prado de Minas,mineiro,"18117,22 R$",1538 pessoas
Araçaí,mineiro,"25422,8 R$",2181 pessoas
Aracitaba,mineiro,"15253,67 R$",2049 pessoas
Araçuaí,mineiro,"14163,67 R$",34297 pessoas
Araguari,mineiro,"49322,18 R$",117808 pessoas
Arantina,mineiro,"31861,03 R$",2915 pessoas
Araponga,mineiro,"14443,79 R$",8048 pessoas
Araporã,mineiro,"185156,76 R$",8479 pessoas
Arapuá,mineiro,"60936,37 R$",2631 pessoas
Araújos,mineiro,"49809,64 R$",9199 pessoas
Araxá,mineiro,"82570,25 R$",111691 pessoas
Arceburgo,mineiro,"31547,24 R$",9177 pessoas
Arcos,mineiro,"57713,61 R$",41416 pessoas
Areado,mineiro,"20234,71 R$",13881 pessoas
Argirita,mineiro,"14954,09 R$",2688 pessoas
Aricanduva,mineiro,"12645,43 R$",4719 pessoas
Arinos,mineiro,"17849,84 R$",17272 pessoas
Astolfo Dutra,mineiro,"20339,56 R$",14138 pessoas
Ataléia,mineiro,"15926,39 R$",13736 pessoas
Augusto de Lima,mineiro,"18423,57 R$",4538 pessoas
Baependi,mineiro,"19795,44 R$",18366 pessoas
Baldim,mineiro,"25871,06 R$",7492 pessoas
Bambuí,mineiro,"32549,38 R$",23546 pessoas
Bandeira,mineiro,"12476,94 R$",4741 pessoas
Bandeira do Sul,mineiro,"14907,61 R$",5943 pessoas
Barão de Cocais,mineiro,"73393,52 R$",30778 pessoas
Barão de Monte Alto,mineiro,"11883,74 R$",4964 pessoas
Barbacena,mineiro,"25335,18 R$",125317 pessoas
Barra Longa,mineiro,"16702,85 R$",5666 pessoas
Barroso,mineiro,"29022,49 R$",20080 pessoas
Bela Vista de Minas,mineiro,"55337,41 R$",10167 pessoas
Belmiro Braga,mineiro,"17992,57 R$",3244 pessoas
Belo Horizonte,mineiro,"41818,32 R$",2315560 pessoas
Belo Oriente,mineiro,"77527,64 R$",23928 pessoas
Belo Vale,mineiro,"36243,16 R$",8627 pessoas
Berilo,mineiro,"9551,5 R$",9826 pessoas
Berizal,mineiro,"12734,93 R$",4201 pessoas
Bertópolis,mineiro,"11671,08 R$",4451 pessoas
Betim,mineiro,"73624,78 R$",411846 pessoas
Bias Fortes,mineiro,"12668,63 R$",3361 pessoas
Bicas,mineiro,"18998,7 R$",13978 pessoas
Biquinhas,mineiro,"25978,67 R$",2383 pessoas
Boa Esperança,mineiro,"26261,54 R$",39848 pessoas
Bocaina de Minas,mineiro,"15766,67 R$",5348 pessoas
Bocaiúva,mineiro,"24252,97 R$",48032 pessoas
Bom Despacho,mineiro,35269 R$,51737 pessoas
Bom Jardim de Minas,mineiro,"19828,35 R$",6783 pessoas
Bom Jesus da Penha,mineiro,"45924,06 R$",4474 pessoas
Bom Jesus do Amparo,mineiro,"25935,64 R$",5631 pessoas
Bom Jesus do Galho,mineiro,"11568,99 R$",14536 pessoas
Bom Repouso,mineiro,"15221,01 R$",12649 pessoas
Bom Sucesso,mineiro,"25271,28 R$",17151 pessoas
Bonfim,mineiro,"19772,69 R$",7434 pessoas
Bonfinópolis de Minas,mineiro,"84995,13 R$",5528 pessoas
Bonito de Minas,mineiro,"8784,49 R$",10204 pessoas
Borda da Mata,mineiro,"18923,96 R$",17404 pessoas
Botelhos,mineiro,"21834,65 R$",14828 pessoas
Botumirim,mineiro,"12103,05 R$",5790 pessoas
Brás Pires,mineiro,"11758,46 R$",4260 pessoas
Brasilândia de Minas,mineiro,"24489,37 R$",15020 pessoas
Brasília de Minas,mineiro,"11627,4 R$",32025 pessoas
Brazópolis,mineiro,"13786,69 R$",14246 pessoas
Braúnas,mineiro,"44982,9 R$",4441 pessoas
Brumadinho,mineiro,"112233,99 R$",38915 pessoas
Bueno Brandão,mineiro,"21921,18 R$",10911 pessoas
Buenópolis,mineiro,"17474,86 R$",9150 pessoas
Bugre,mineiro,"11937,36 R$",4041 pessoas
Buritis,mineiro,"46229,61 R$",24030 pessoas
Buritizeiro,mineiro,"26118,73 R$",23910 pessoas
Cabeceira Grande,mineiro,"67955,62 R$",6627 pessoas
Cabo Verde,mineiro,"20665,25 R$",11410 pessoas
Cachoeira da Prata,mineiro,"14487,2 R$",3693 pessoas
Cachoeira de Minas,mineiro,"46258,02 R$",11883 pessoas
Cachoeira de Pajeú,mineiro,"13262,75 R$",9110 pessoas
Cachoeira Dourada,mineiro,"99124,77 R$",2315 pessoas
Caetanópolis,mineiro,"26561,99 R$",11435 pessoas
Caeté,mineiro,"23695,84 R$",38776 pessoas
Caiana,mineiro,"15876,73 R$",5304 pessoas
Cajuri,mineiro,"24569,91 R$",4088 pessoas
Caldas,mineiro,"23127,61 R$",14217 pessoas
Camacho,mineiro,"24964,43 R$",2838 pessoas
Camanducaia,mineiro,"45365,42 R$",26097 pessoas
Cambuí,mineiro,"62049,99 R$",29536 pessoas
Cambuquira,mineiro,"28950,98 R$",12313 pessoas
Campanário,mineiro,"14298,98 R$",2923 pessoas
Campanha,mineiro,"26097,7 R$",15935 pessoas
Campestre,mineiro,"23104,32 R$",20696 pessoas
Campina Verde,mineiro,"27169,11 R$",18011 pessoas
Campo Azul,mineiro,"10616,58 R$",3714 pessoas
Campo Belo,mineiro,"22905,64 R$",52277 pessoas
Campo do Meio,mineiro,"19843,07 R$",11377 pessoas
Campo Florido,mineiro,"84803,44 R$",8466 pessoas
Campos Altos,mineiro,"27730,44 R$",12979 pessoas
Campos Gerais,mineiro,"24372,14 R$",26105 pessoas
Cana Verde,mineiro,"14348,74 R$",5272 pessoas
Canaã,mineiro,"17088,06 R$",4715 pessoas
Canápolis,mineiro,"55343,4 R$",10608 pessoas
Candeias,mineiro,"24926,08 R$",14001 pessoas
Cantagalo,mineiro,"12406,75 R$",3974 pessoas
Caparaó,mineiro,"17866,83 R$",5048 pessoas
Capela Nova,mineiro,"13534,64 R$",4362 pessoas
Capelinha,mineiro,"23174,33 R$",39626 pessoas
Capetinga,mineiro,"30215,68 R$",6562 pessoas
Capim Branco,mineiro,"12467,57 R$",10663 pessoas
Capinópolis,mineiro,"40910,84 R$",14655 pessoas
Capitão Andrade,mineiro,"10939,49 R$",4585 pessoas
Capitão Enéas,mineiro,"32591,49 R$",14108 pessoas
Capitólio,mineiro,"37783,2 R$",10380 pessoas
Caputira,mineiro,"15427,23 R$",8936 pessoas
Caraí,mineiro,"8814,85 R$",19548 pessoas
Caranaíba,mineiro,"13169,27 R$",2933 pessoas
Carandaí,mineiro,"29108,4 R$",23812 pessoas
Carangola,mineiro,"19358,62 R$",31240 pessoas
Caratinga,mineiro,"24518,79 R$",87360 pessoas
Carbonita,mineiro,"23419,5 R$",8512 pessoas
Careaçu,mineiro,"25519,59 R$",6816 pessoas
Carlos Chagas,mineiro,"25642,26 R$",18615 pessoas
Carmésia,mineiro,"14958,01 R$",2605 pessoas
Carmo da Cachoeira,mineiro,"26379,28 R$",11547 pessoas
Carmo da Mata,mineiro,"23014,9 R$",11019 pessoas
Carmo de Minas,mineiro,"19322,94 R$",13797 pessoas
Carmo do Cajuru,mineiro,"27469,01 R$",23479 pessoas
Carmo do Paranaíba,mineiro,"34945,92 R$",29011 pessoas
Carmo do Rio Claro,mineiro,"32595,84 R$",20954 pessoas
Carmópolis de Minas,mineiro,"23365,28 R$",18003 pessoas
Carneirinho,mineiro,"40332,68 R$",9422 pessoas
Carrancas,mineiro,"43842,86 R$",4049 pessoas
Carvalhópolis,mineiro,"19752,88 R$",3341 pessoas
Carvalhos,mineiro,"18141,26 R$",4422 pessoas
Casa Grande,mineiro,"30760,19 R$",2214 pessoas
Cascalho Rico,mineiro,"25741,18 R$",2712 pessoas
Cássia,mineiro,"24600,35 R$",17155 pessoas
Cataguases,mineiro,"21748,3 R$",66261 pessoas
Catas Altas,mineiro,"920833,97 R$",5473 pessoas
Catas Altas da Noruega,mineiro,"11130,5 R$",3110 pessoas
Catuji,mineiro,"13420,7 R$",7030 pessoas
Catuti,mineiro,"11497,57 R$",4739 pessoas
Caxambu,mineiro,"17204,61 R$",21056 pessoas
Cedro do Abaeté,mineiro,"19483,63 R$",1081 pessoas
Central de Minas,mineiro,"12334,73 R$",6171 pessoas
Centralina,mineiro,"33942,79 R$",10207 pessoas
Chácara,mineiro,"14661,46 R$",3075 pessoas
Chalé,mineiro,"20049,37 R$",6075 pessoas
Chapada do Norte,mineiro,"7247,1 R$",10337 pessoas
Chapada Gaúcha,mineiro,"28354,63 R$",12355 pessoas
Chiador,mineiro,"14020,88 R$",2800 pessoas
Cipotânea,mineiro,"10762,85 R$",5581 pessoas
Claraval,mineiro,"37352,16 R$",4658 pessoas
Claro dos Poções,mineiro,"11196,9 R$",7166 pessoas
Cláudio,mineiro,"38451,85 R$",30159 pessoas
Coimbra,mineiro,"18325,94 R$",7117 pessoas
Coluna,mineiro,"13756,65 R$",8163 pessoas
Comendador Gomes,mineiro,"49491,51 R$",2773 pessoas
Comercinho,mineiro,"10285,11 R$",6660 pessoas
Conceição da Aparecida,mineiro,"26487,93 R$",10371 pessoas
Conceição da Barra de Minas,mineiro,"17449,47 R$",3560 pessoas
Conceição das Alagoas,mineiro,"45805,26 R$",28381 pessoas
Conceição das Pedras,mineiro,"21692,56 R$",2772 pessoas
Conceição de Ipanema,mineiro,"17685,15 R$",4409 pessoas
Conceição do Mato Dentro,mineiro,"519040,92 R$",23163 pessoas
Conceição do Pará,mineiro,"88902,87 R$",5415 pessoas
Conceição do Rio Verde,mineiro,"25025,75 R$",12541 pessoas
Conceição dos Ouros,mineiro,"18994,87 R$",10880 pessoas
Cônego Marinho,mineiro,"8212,18 R$",7237 pessoas
Confins,mineiro,"70734,21 R$",7350 pessoas
Congonhal,mineiro,"18053,14 R$",11083 pessoas
Congonhas,mineiro,"73709,5 R$",52890 pessoas
Congonhas do Norte,mineiro,"9768,27 R$",4831 pessoas
Conquista,mineiro,"70049,61 R$",6694 pessoas
Conselheiro Lafaiete,mineiro,"23881,55 R$",131621 pessoas
Conselheiro Pena,mineiro,"16708,53 R$",20824 pessoas
Consolação,mineiro,"17609,85 R$",1563 pessoas
Contagem,mineiro,"54136,41 R$",621863 pessoas
Coqueiral,mineiro,"25735,37 R$",9023 pessoas
Coração de Jesus,mineiro,"10251,33 R$",25377 pessoas
Cordisburgo,mineiro,"16419,95 R$",7547 pessoas
Cordislândia,mineiro,"32084,04 R$",3200 pessoas
Corinto,mineiro,"25937,03 R$",23532 pessoas
Coroaci,mineiro,"12690,02 R$",10884 pessoas
Coromandel,mineiro,"54911,1 R$",28894 pessoas
Coronel Fabriciano,mineiro,"18029,42 R$",104736 pessoas
Coronel Murta,mineiro,"13016,09 R$",8200 pessoas
Coronel Pacheco,mineiro,"19419,15 R$",2762 pessoas
Coronel Xavier Chaves,mineiro,"26367,67 R$",3486 pessoas
Córrego Danta,mineiro,"52273,69 R$",2960 pessoas
Córrego do Bom Jesus,mineiro,"12384,73 R$",4272 pessoas
Córrego Fundo,mineiro,"49904,63 R$",6133 pessoas
Córrego Novo,mineiro,"14332,74 R$",2875 pessoas
Couto de Magalhães de Minas,mineiro,"14262,94 R$",4245 pessoas
Crisólita,mineiro,"11215,05 R$",5265 pessoas
Cristais,mineiro,"22628,65 R$",12197 pessoas
Cristália,mineiro,"9875,05 R$",5121 pessoas
Cristiano Otoni,mineiro,"23967,13 R$",4667 pessoas
Cristina,mineiro,"22906,28 R$",10374 pessoas
Crucilândia,mineiro,"16383,73 R$",5434 pessoas
Cruzeiro da Fortaleza,mineiro,"50408,9 R$",3521 pessoas
Cruzília,mineiro,"20461,59 R$",15362 pessoas
Cuparaque,mineiro,"14734,12 R$",3983 pessoas
Curral de Dentro,mineiro,"10226,6 R$",7406 pessoas
Curvelo,mineiro,"27509,61 R$",80665 pessoas
Datas,mineiro,"13618,93 R$",5465 pessoas
Delfim Moreira,mineiro,"15700,68 R$",7952 pessoas
Delfinópolis,mineiro,"34599,14 R$",8393 pessoas
Delta,mineiro,"42456,49 R$",10494 pessoas
Descoberto,mineiro,"16206,3 R$",4928 pessoas
Desterro de Entre Rios,mineiro,"35948,85 R$",7653 pessoas
Desterro do Melo,mineiro,"17657,89 R$",2994 pessoas
Diamantina,mineiro,"20537,92 R$",47702 pessoas
Diogo de Vasconcelos,mineiro,"11363,34 R$",3549 pessoas
Dionísio,mineiro,"12128,99 R$",6847 pessoas
Divinésia,mineiro,"18575,93 R$",4226 pessoas
Divino,mineiro,"15957,14 R$",20706 pessoas
Divino das Laranjeiras,mineiro,"12416,03 R$",4178 pessoas
Divinolândia de Minas,mineiro,"10750,55 R$",6516 pessoas
Divinópolis,mineiro,"34355,36 R$",231091 pessoas
Divisa Alegre,mineiro,"25656,27 R$",6321 pessoas
Divisa Nova,mineiro,"21452,98 R$",5851 pessoas
Divisópolis,mineiro,"8178,51 R$",10213 pessoas
Dom Bosco,mineiro,"19065,15 R$",3697 pessoas
Dom Cavati,mineiro,"13860,37 R$",4904 pessoas
Dom Joaquim,mineiro,"15289,15 R$",4899 pessoas
Dom Silvério,mineiro,"20648,91 R$",5228 pessoas
Dom Viçoso,mineiro,"13052,06 R$",3095 pessoas
Dona Euzébia,mineiro,"16492,38 R$",6093 pessoas
Dores de Campos,mineiro,"31116,02 R$",10007 pessoas
Dores de Guanhães,mineiro,"37105,01 R$",5029 pessoas
Dores do Indaiá,mineiro,"26339,03 R$",12630 pessoas
Dores do Turvo,mineiro,"15908,49 R$",4987 pessoas
Doresópolis,mineiro,"54667,85 R$",1461 pessoas
Douradoquara,mineiro,"41427,06 R$",1829 pessoas
Durandé,mineiro,"15560,07 R$",7817 pessoas
Elói Mendes,mineiro,"24720,9 R$",26336 pessoas
Engenheiro Caldas,mineiro,"13936,2 R$",13622 pessoas
Engenheiro Navarro,mineiro,"12715,66 R$",6354 pessoas
Entre Folhas,mineiro,"12061,39 R$",5179 pessoas
Entre Rios de Minas,mineiro,"17481,31 R$",14746 pessoas
Ervália,mineiro,"21529,87 R$",20255 pessoas
Esmeraldas,mineiro,"13419,92 R$",85598 pessoas
Espera Feliz,mineiro,"16254,21 R$",24102 pessoas
Espinosa,mineiro,"11517,31 R$",30443 pessoas
Espírito Santo do Dourado,mineiro,"25854,33 R$",6611 pessoas
Estiva,mineiro,"52723,75 R$",11502 pessoas
Estrela Dalva,mineiro,"18586,66 R$",2186 pessoas
Estrela do Indaiá,mineiro,"47456,81 R$",2772 pessoas
Estrela do Sul,mineiro,"43679,34 R$",6840 pessoas
Eugenópolis,mineiro,"19487,85 R$",10801 pessoas
Ewbank da Câmara,mineiro,"13825,96 R$",3875 pessoas
Extrema,mineiro,"362591,97 R$",53482 pessoas
Fama,mineiro,"24698,85 R$",2578 pessoas
Faria Lemos,mineiro,"20105,49 R$",3188 pessoas
Felício dos Santos,mineiro,"15837,34 R$",5133 pessoas
Felisburgo,mineiro,"10030,05 R$",6489 pessoas
Felixlândia,mineiro,"18106,34 R$",13978 pessoas
Fernandes Tourinho,mineiro,"13101,7 R$",2789 pessoas
Ferros,mineiro,"15447,38 R$",9590 pessoas
Fervedouro,mineiro,"14134,11 R$",10445 pessoas
Florestal,mineiro,"18785,7 R$",8045 pessoas
Formiga,mineiro,"32581,52 R$",68248 pessoas
Formoso,mineiro,"32101,59 R$",7949 pessoas
Fortaleza de Minas,mineiro,"24956,6 R$",3477 pessoas
Fortuna de Minas,mineiro,"17170,82 R$",3093 pessoas
Francisco Badaró,mineiro,"7546,65 R$",7366 pessoas
Francisco Dumont,mineiro,"14352,6 R$",4503 pessoas
Francisco Sá,mineiro,"17077,75 R$",23476 pessoas
Franciscópolis,mineiro,"19449,13 R$",5034 pessoas
Frei Gaspar,mineiro,"13674,68 R$",5640 pessoas
Frei Inocêncio,mineiro,"15488,87 R$",8226 pessoas
Frei Lagonegro,mineiro,"10171,36 R$",3391 pessoas
Fronteira,mineiro,"49568,1 R$",14540 pessoas
Fronteira dos Vales,mineiro,"10777,9 R$",4345 pessoas
Fruta de Leite,mineiro,"8999,57 R$",4647 pessoas
Frutal,mineiro,"40872,58 R$",58588 pessoas
Funilândia,mineiro,"18794,03 R$",4686 pessoas
Galiléia,mineiro,"16814,67 R$",6222 pessoas
Gameleiras,mineiro,"11278,35 R$",4793 pessoas
Glaucilândia,mineiro,"12945,77 R$",2928 pessoas
Goiabeira,mineiro,"14670,26 R$",2830 pessoas
Goianá,mineiro,"15513,28 R$",4053 pessoas
Gonçalves,mineiro,"21624,99 R$",4727 pessoas
Gonzaga,mineiro,"11153,48 R$",5230 pessoas
Gouveia,mineiro,"16842,21 R$",11331 pessoas
Governador Valadares,mineiro,"26165,06 R$",257171 pessoas
Grão Mogol,mineiro,"48352,82 R$",13901 pessoas
Grupiara,mineiro,"31890,41 R$",1392 pessoas
Guanhães,mineiro,"28633,61 R$",32244 pessoas
Guapé,mineiro,"27386,89 R$",13772 pessoas
Guaraciaba,mineiro,"11179,62 R$",9753 pessoas
Guaraciama,mineiro,"15589,72 R$",5051 pessoas
Guaranésia,mineiro,"28891,14 R$",19150 pessoas
Guarani,mineiro,"19461,62 R$",7714 pessoas
Guarará,mineiro,"15349,17 R$",3149 pessoas
Guarda-Mor,mineiro,"114474,42 R$",6539 pessoas
Guaxupé,mineiro,"53726,8 R$",50911 pessoas
Guidoval,mineiro,"17600,19 R$",7131 pessoas
Guimarânia,mineiro,"40063,15 R$",8478 pessoas
Guiricema,mineiro,"13793,57 R$",7778 pessoas
Gurinhatã,mineiro,"32779,01 R$",5192 pessoas
Heliodora,mineiro,"20150,08 R$",6134 pessoas
Iapu,mineiro,"15915,1 R$",12030 pessoas
Ibertioga,mineiro,"20716,39 R$",5198 pessoas
Ibiá,mineiro,"60160,3 R$",22229 pessoas
Ibiaí,mineiro,"13560,18 R$",6286 pessoas
Ibiracatu,mineiro,"9600,19 R$",5081 pessoas
Ibiraci,mineiro,"51550,46 R$",10948 pessoas
Ibirité,mineiro,"17407,52 R$",170537 pessoas
Ibitiúra de Minas,mineiro,"22201,2 R$",3365 pessoas
Ibituruna,mineiro,"19766,09 R$",2698 pessoas
Icaraí de Minas,mineiro,"9134,97 R$",10677 pessoas
Igarapé,mineiro,"21707,59 R$",45847 pessoas
Igaratinga,mineiro,"51874,24 R$",10830 pessoas
Iguatama,mineiro,"74348,83 R$",6826 pessoas
Ijaci,mineiro,"74228,52 R$",7003 pessoas
Ilicínea,mineiro,"21212,04 R$",12741 pessoas
Imbé de Minas,mineiro,"14503,11 R$",6986 pessoas
Inconfidentes,mineiro,"17947,26 R$",7301 pessoas
Indaiabira,mineiro,"11914,84 R$",6346 pessoas
Indianópolis,mineiro,"124934,02 R$",6171 pessoas
Ingaí,mineiro,"41544,77 R$",2580 pessoas
Inhapim,mineiro,"16852,46 R$",22692 pessoas
Inhaúma,mineiro,"22951,75 R$",6239 pessoas
Inimutaba,mineiro,"11931,24 R$",7371 pessoas
Ipaba,mineiro,"9527,36 R$",17136 pessoas
Ipanema,mineiro,"17115,04 R$",19522 pessoas
Ipatinga,mineiro,"65869,82 R$",227731 pessoas
Ipiaçu,mineiro,"43292,43 R$",3775 pessoas
Ipuiúna,mineiro,"18563,37 R$",9135 pessoas
Iraí de Minas,mineiro,"42670,29 R$",7180 pessoas
Itabira,mineiro,"123006,06 R$",113343 pessoas
Itabirinha,mineiro,"11723,25 R$",10362 pessoas
Itabirito,mineiro,247940 R$,53365 pessoas
Itacambira,mineiro,"11331,15 R$",4252 pessoas
Itacarambi,mineiro,"12454,64 R$",17208 pessoas
Itaguara,mineiro,"29790,11 R$",13846 pessoas
Itaipé,mineiro,"9419,18 R$",10463 pessoas
Itajubá,mineiro,"33630,33 R$",93073 pessoas
Itamarandiba,mineiro,"18431,8 R$",32948 pessoas
Itamarati de Minas,mineiro,15321 R$,3690 pessoas
Itambacuri,mineiro,"14696,07 R$",21042 pessoas
Itambé do Mato Dentro,mineiro,17678 R$,2142 pessoas
Itamogi,mineiro,"23351,61 R$",10770 pessoas
Itamonte,mineiro,"74613,56 R$",14786 pessoas
Itanhandu,mineiro,"30315,87 R$",15236 pessoas
Itanhomi,mineiro,"12341,6 R$",11128 pessoas
Itaobim,mineiro,"14701,65 R$",19151 pessoas
Itapagipe,mineiro,"33155,1 R$",13690 pessoas
Itapecerica,mineiro,"28915,19 R$",21046 pessoas
Itapeva,mineiro,"85067,72 R$",12692 pessoas
Itatiaiuçu,mineiro,"610779,65 R$",12966 pessoas
Itaú de Minas,mineiro,"44471,67 R$",14406 pessoas
Itaúna,mineiro,"53834,65 R$",97669 pessoas
Itaverava,mineiro,"13411,54 R$",5642 pessoas
Itinga,mineiro,"9849,06 R$",13745 pessoas
Itueta,mineiro,"20119,67 R$",6055 pessoas
Ituiutaba,mineiro,"35891,17 R$",102217 pessoas
Itumirim,mineiro,"15326,47 R$",6638 pessoas
Iturama,mineiro,"50309,34 R$",38295 pessoas
Itutinga,mineiro,"46016,16 R$",4217 pessoas
Jaboticatubas,mineiro,"14403,17 R$",20406 pessoas
Jacinto,mineiro,"10680,55 R$",11042 pessoas
Jacuí,mineiro,"19619,02 R$",7495 pessoas
Jacutinga,mineiro,"43106,68 R$",25525 pessoas
Jaguaraçu,mineiro,"34860,43 R$",3092 pessoas
Jaíba,mineiro,"21310,16 R$",37660 pessoas
Jampruca,mineiro,"15136,53 R$",4296 pessoas
Janaúba,mineiro,"22157,83 R$",70699 pessoas
Januária,mineiro,"12133,95 R$",65150 pessoas
Japaraíba,mineiro,"22937,4 R$",4506 pessoas
Japonvar,mineiro,"9688,75 R$",8127 pessoas
Jeceaba,mineiro,"407353,2 R$",6197 pessoas
Jenipapo de Minas,mineiro,"10214,67 R$",6100 pessoas
Jequeri,mineiro,"15840,35 R$",12419 pessoas
Jequitaí,mineiro,"17614,92 R$",6484 pessoas
Jequitibá,mineiro,"24253,55 R$",5883 pessoas
Jequitinhonha,mineiro,"10754,52 R$",24007 pessoas
Jesuânia,mineiro,"21827,32 R$",5138 pessoas
Joaíma,mineiro,"10509,42 R$",13888 pessoas
Joanésia,mineiro,"25154,48 R$",4329 pessoas
João Monlevade,mineiro,"59963,67 R$",80187 pessoas
João Pinheiro,mineiro,"44929,59 R$",46801 pessoas
Joaquim Felício,mineiro,"15206,06 R$",3854 pessoas
Jordânia,mineiro,"9857,64 R$",10304 pessoas
José Gonçalves de Minas,mineiro,"11565,81 R$",3969 pessoas
José Raydan,mineiro,"14172,89 R$",4268 pessoas
Josenópolis,mineiro,"11815,85 R$",3630 pessoas
Juatuba,mineiro,"51653,48 R$",30716 pessoas
Juiz de Fora,mineiro,"35145,34 R$",540756 pessoas
Juramento,mineiro,"11839,64 R$",3768 pessoas
Juruaia,mineiro,"25392,25 R$",11084 pessoas
Juvenília,mineiro,"11502,41 R$",5789 pessoas
Ladainha,mineiro,"8063,14 R$",14383 pessoas
Lagamar,mineiro,"31961,94 R$",6631 pessoas
Lagoa da Prata,mineiro,"37310,73 R$",51412 pessoas
Lagoa dos Patos,mineiro,"14675,29 R$",3313 pessoas
Lagoa Dourada,mineiro,"26337,64 R$",12769 pessoas
Lagoa Formosa,mineiro,"31130,75 R$",18904 pessoas
Lagoa Grande,mineiro,"30214,48 R$",8969 pessoas
Lagoa Santa,mineiro,"32802,82 R$",75145 pessoas
Lajinha,mineiro,"20069,96 R$",20835 pessoas
Lambari,mineiro,"19293,34 R$",20414 pessoas
Lamim,mineiro,"15487,44 R$",3184 pessoas
Laranjal,mineiro,"13971,34 R$",5963 pessoas
Lassance,mineiro,"29649,11 R$",7124 pessoas
Lavras,mineiro,"27818,1 R$",104761 pessoas
Leandro Ferreira,mineiro,"17228,55 R$",3199 pessoas
Leme do Prado,mineiro,"13448,01 R$",4341 pessoas
Leopoldina,mineiro,"21124,06 R$",51145 pessoas
Liberdade,mineiro,"21553,54 R$",4737 pessoas
Lima Duarte,mineiro,"20279,44 R$",17221 pessoas
Limeira do Oeste,mineiro,"60582,62 R$",8687 pessoas
Lontra,mineiro,"9610,66 R$",8790 pessoas
Luisburgo,mineiro,"21249,6 R$",6956 pessoas
Luislândia,mineiro,"9721,43 R$",6210 pessoas
Luminárias,mineiro,"27448,05 R$",5586 pessoas
Luz,mineiro,"35908,88 R$",17875 pessoas
Machacalis,mineiro,"15811,47 R$",6487 pessoas
Machado,mineiro,"32188,05 R$",37684 pessoas
Madre de Deus de Minas,mineiro,"58993,52 R$",5191 pessoas
Malacacheta,mineiro,"12708,51 R$",17516 pessoas
Mamonas,mineiro,"9155,69 R$",5997 pessoas
Manga,mineiro,"13482,39 R$",18886 pessoas
Manhuaçu,mineiro,"35607,52 R$",91886 pessoas
Manhumirim,mineiro,"24613,19 R$",20613 pessoas
Mantena,mineiro,"17248,55 R$",26535 pessoas
Mar de Espanha,mineiro,"17526,23 R$",12721 pessoas
Maravilhas,mineiro,"28738,33 R$",7333 pessoas
Maria da Fé,mineiro,"14490,07 R$",14247 pessoas
Mariana,mineiro,"119155,4 R$",61387 pessoas
Marilac,mineiro,"14150,23 R$",4224 pessoas
Mário Campos,mineiro,"12520,55 R$",15900 pessoas
Maripá de Minas,mineiro,"24993,05 R$",3387 pessoas
Marliéria,mineiro,"14999,89 R$",4592 pessoas
Marmelópolis,mineiro,"15843,65 R$",3200 pessoas
Martinho Campos,mineiro,"35176,11 R$",14003 pessoas
Martins Soares,mineiro,"24963,05 R$",8396 pessoas
Mata Verde,mineiro,"10526,08 R$",9112 pessoas
Materlândia,mineiro,"13710,97 R$",3963 pessoas
Mateus Leme,mineiro,"34132,67 R$",37841 pessoas
Mathias Lobato,mineiro,"13915,37 R$",3038 pessoas
Matias Barbosa,mineiro,"42951,23 R$",14121 pessoas
Matias Cardoso,mineiro,"13964,57 R$",8895 pessoas
Matipó,mineiro,"22270,48 R$",18552 pessoas
Mato Verde,mineiro,"12741,8 R$",12038 pessoas
Matozinhos,mineiro,"39152,41 R$",37618 pessoas
Matutina,mineiro,"26036,56 R$",3814 pessoas
Medeiros,mineiro,"64058,5 R$",3900 pessoas
Medina,mineiro,"12224,08 R$",20156 pessoas
Mendes Pimentel,mineiro,"12006,86 R$",5606 pessoas
Mercês,mineiro,"14085,21 R$",10373 pessoas
Mesquita,mineiro,"10833,03 R$",5040 pessoas
Minas Novas,mineiro,"11112,45 R$",24405 pessoas
Minduri,mineiro,"42093,45 R$",3741 pessoas
Mirabela,mineiro,"11941,74 R$",13651 pessoas
Miradouro,mineiro,"16084,86 R$",8968 pessoas
Miraí,mineiro,"21973,7 R$",13633 pessoas
Miravânia,mineiro,"9477,13 R$",3985 pessoas
Moeda,mineiro,"15529,83 R$",5125 pessoas
Moema,mineiro,"20110,03 R$",7548 pessoas
Monjolos,mineiro,"21433,52 R$",2169 pessoas
Monsenhor Paulo,mineiro,"26033,53 R$",8340 pessoas
Montalvânia,mineiro,"11313,56 R$",14060 pessoas
Monte Alegre de Minas,mineiro,"35500,1 R$",20170 pessoas
Monte Azul,mineiro,"12467,46 R$",20328 pessoas
Monte Belo,mineiro,"27847,63 R$",13046 pessoas
Monte Carmelo,mineiro,"32440,12 R$",47692 pessoas
Monte Formoso,mineiro,"8919,75 R$",4381 pessoas
Monte Santo de Minas,mineiro,"22477,33 R$",20890 pessoas
Monte Sião,mineiro,"25011,26 R$",24089 pessoas
Montes Claros,mineiro,"25870,23 R$",414240 pessoas
Montezuma,mineiro,"10868,92 R$",6888 pessoas
Morada Nova de Minas,mineiro,"60432,26 R$",9067 pessoas
Morro da Garça,mineiro,"21156,64 R$",2411 pessoas
Morro do Pilar,mineiro,"14113,38 R$",3133 pessoas
Munhoz,mineiro,"21570,92 R$",7451 pessoas
Muriaé,mineiro,"24137,53 R$",104108 pessoas
Mutum,mineiro,"18874,87 R$",27635 pessoas
Muzambinho,mineiro,"26091,09 R$",21891 pessoas
Nacip Raydan,mineiro,11607 R$,2459 pessoas
Nanuque,mineiro,"19924,58 R$",35038 pessoas
Naque,mineiro,"12675,74 R$",6303 pessoas
Natalândia,mineiro,"22725,11 R$",3520 pessoas
Natércia,mineiro,"24403,15 R$",4691 pessoas
Nazareno,mineiro,"76794,68 R$",8179 pessoas
Nepomuceno,mineiro,"23008,04 R$",25018 pessoas
Ninheira,mineiro,"12205,08 R$",10588 pessoas
Nova Belém,mineiro,"27201,82 R$",3151 pessoas
Nova Era,mineiro,"24702,73 R$",17438 pessoas
Nova Lima,mineiro,"216092,4 R$",111697 pessoas
Nova Módica,mineiro,"16530,55 R$",3663 pessoas
Nova Ponte,mineiro,"69569,06 R$",14598 pessoas
Nova Porteirinha,mineiro,"15515,42 R$",6706 pessoas
Nova Resende,mineiro,"22770,81 R$",16387 pessoas
Nova Serrana,mineiro,"24352,06 R$",105552 pessoas
Nova União,mineiro,"18734,56 R$",5909 pessoas
Novo Cruzeiro,mineiro,"10544,29 R$",26975 pessoas
Novo Oriente de Minas,mineiro,"11256,56 R$",10275 pessoas
Novorizonte,mineiro,"13167,03 R$",4571 pessoas
Olaria,mineiro,"18836,72 R$",1945 pessoas
Olhos-d'Água,mineiro,"33947,04 R$",5385 pessoas
Olímpio Noronha,mineiro,"15528,17 R$",2555 pessoas
Oliveira,mineiro,"26318,88 R$",39262 pessoas
Oliveira Fortes,mineiro,"19047,02 R$",2027 pessoas
Onça de Pitangui,mineiro,"20575,42 R$",2969 pessoas
Oratórios,mineiro,"15170,99 R$",4917 pessoas
Orizânia,mineiro,"14998,7 R$",8437 pessoas
Ouro Branco,mineiro,219860 R$,38724 pessoas
Ouro Fino,mineiro,"27526,34 R$",32094 pessoas
Ouro Preto,mineiro,"127232,37 R$",74821 pessoas
Ouro Verde de Minas,mineiro,"11503,59 R$",5757 pessoas
Padre Carvalho,mineiro,"8999,72 R$",5058 pessoas
Padre Paraíso,mineiro,"10514,08 R$",17334 pessoas
Pai Pedro,mineiro,"9617,09 R$",5551 pessoas
Paineiras,mineiro,"18654,32 R$",4224 pessoas
Pains,mineiro,"63965,84 R$",8142 pessoas
Paiva,mineiro,"17996,58 R$",1474 pessoas
Palma,mineiro,"15693,82 R$",5707 pessoas
Palmópolis,mineiro,"12292,83 R$",6301 pessoas
Papagaios,mineiro,"23511,04 R$",13920 pessoas
Pará de Minas,mineiro,"42098,58 R$",97139 pessoas
Paracatu,mineiro,"76144,41 R$",94023 pessoas
Paraguaçu,mineiro,"29998,34 R$",21723 pessoas
Paraisópolis,mineiro,"27752,05 R$",20445 pessoas
Paraopeba,mineiro,"36955,29 R$",24107 pessoas
Passa Quatro,mineiro,"28737,93 R$",15515 pessoas
Passa Tempo,mineiro,"59808,53 R$",8473 pessoas
Passa Vinte,mineiro,"20794,2 R$",2233 pessoas
Passabém,mineiro,14574 R$,1600 pessoas
Passos,mineiro,"26081,82 R$",111939 pessoas
Patis,mineiro,"9122,53 R$",4837 pessoas
Patos de Minas,mineiro,"39738,04 R$",159235 pessoas
Patrocínio,mineiro,"39932,3 R$",89826 pessoas
Patrocínio do Muriaé,mineiro,"20206,33 R$",5576 pessoas
Paula Cândido,mineiro,"14255,97 R$",8659 pessoas
Paulistas,mineiro,"14048,81 R$",4389 pessoas
Pavão,mineiro,"11093,87 R$",8047 pessoas
Peçanha,mineiro,"15407,09 R$",17446 pessoas
Pedra Azul,mineiro,"16498,08 R$",24410 pessoas
Pedra Bonita,mineiro,"13480,12 R$",7320 pessoas
Pedra do Anta,mineiro,"19502,49 R$",3311 pessoas
Pedra do Indaiá,mineiro,"29206,43 R$",4112 pessoas
Pedra Dourada,mineiro,"16527,2 R$",2757 pessoas
Pedralva,mineiro,"16460,4 R$",10760 pessoas
Pedras de Maria da Cruz,mineiro,"8900,37 R$",10433 pessoas
Pedrinópolis,mineiro,"55906,67 R$",3344 pessoas
Pedro Leopoldo,mineiro,"29763,4 R$",62580 pessoas
Pedro Teixeira,mineiro,"16778,21 R$",1810 pessoas
Pequeri,mineiro,"18724,66 R$",3351 pessoas
Pequi,mineiro,"19184,76 R$",4155 pessoas
Perdigão,mineiro,"18941,95 R$",12268 pessoas
Perdizes,mineiro,"98918,71 R$",17151 pessoas
Perdões,mineiro,"29060,6 R$",21384 pessoas
Periquito,mineiro,"16574,4 R$",6553 pessoas
Pescador,mineiro,"11054,09 R$",3570 pessoas
Piau,mineiro,"34082,97 R$",2796 pessoas
Piedade de Caratinga,mineiro,"15939,53 R$",8529 pessoas
Piedade de Ponte Nova,mineiro,"15149,65 R$",3976 pessoas
Piedade do Rio Grande,mineiro,"24887,48 R$",4604 pessoas
Piedade dos Gerais,mineiro,"17842,82 R$",5019 pessoas
Pimenta,mineiro,"32326,06 R$",8563 pessoas
Pingo-d'Água,mineiro,"10483,1 R$",4706 pessoas
Pintópolis,mineiro,"9445,44 R$",7084 pessoas
Piracema,mineiro,"47478,8 R$",6700 pessoas
Pirajuba,mineiro,"62212,95 R$",5537 pessoas
Piranga,mineiro,"11347,31 R$",17018 pessoas
Piranguçu,mineiro,"14238,45 R$",6041 pessoas
Piranguinho,mineiro,"15671,86 R$",9120 pessoas
Pirapetinga,mineiro,"59224,34 R$",11077 pessoas
Pirapora,mineiro,"50580,69 R$",55606 pessoas
Piraúba,mineiro,"18697,86 R$",11610 pessoas
Pitangui,mineiro,"26073,15 R$",26685 pessoas
Piumhi,mineiro,"36452,59 R$",36062 pessoas
Planura,mineiro,"46149,3 R$",11145 pessoas
Poço Fundo,mineiro,"23897,47 R$",16390 pessoas
Poços de Caldas,mineiro,"50234,29 R$",163742 pessoas
Pocrane,mineiro,"14686,18 R$",8350 pessoas
Pompéu,mineiro,"36287,11 R$",31047 pessoas
Ponte Nova,mineiro,"35748,11 R$",57776 pessoas
Ponto Chique,mineiro,"12096,62 R$",3747 pessoas
Ponto dos Volantes,mineiro,"10016,81 R$",10883 pessoas
Porteirinha,mineiro,"13931,71 R$",37438 pessoas
Porto Firme,mineiro,"11411,12 R$",10569 pessoas
Poté,mineiro,"10122,67 R$",13666 pessoas
Pouso Alegre,mineiro,"69478,81 R$",152217 pessoas
Pouso Alto,mineiro,"47333,42 R$",6566 pessoas
Prados,mineiro,"25109,69 R$",9048 pessoas
Prata,mineiro,"45907,1 R$",28342 pessoas
Pratápolis,mineiro,"26805,27 R$",8406 pessoas
Pratinha,mineiro,"42299,41 R$",3559 pessoas
Presidente Bernardes,mineiro,"12740,53 R$",4850 pessoas
Presidente Juscelino,mineiro,"13744,52 R$",3465 pessoas
Presidente Kubitschek,mineiro,"12064,56 R$",3071 pessoas
Presidente Olegário,mineiro,"37169,17 R$",18765 pessoas
Prudente de Morais,mineiro,"18583,47 R$",11466 pessoas
Quartel Geral,mineiro,"21546,08 R$",3179 pessoas
Queluzito,mineiro,"20557,6 R$",1770 pessoas
Raposos,mineiro,"11738,63 R$",16279 pessoas
Raul Soares,mineiro,"17893,53 R$",23423 pessoas
Recreio,mineiro,"11720,36 R$",11007 pessoas
Reduto,mineiro,"16727,6 R$",7848 pessoas
Resende Costa,mineiro,"17924,97 R$",11230 pessoas
Resplendor,mineiro,"15972,45 R$",17226 pessoas
Ressaquinha,mineiro,"77296,87 R$",4548 pessoas
Riachinho,mineiro,"19338,76 R$",6863 pessoas
Riacho dos Machados,mineiro,"56250,5 R$",8756 pessoas
Ribeirão das Neves,mineiro,"15177,16 R$",329794 pessoas
Ribeirão Vermelho,mineiro,"25941,3 R$",4080 pessoas
Rio Acima,mineiro,"44894,6 R$",10261 pessoas
Rio Casca,mineiro,"17735,11 R$",12789 pessoas
Rio do Prado,mineiro,"10293,72 R$",4639 pessoas
Rio Doce,mineiro,"19723,72 R$",2484 pessoas
Rio Espera,mineiro,"11179,64 R$",5429 pessoas
Rio Manso,mineiro,"19200,76 R$",5568 pessoas
Rio Novo,mineiro,"13398,92 R$",8518 pessoas
Rio Paranaíba,mineiro,"73353,29 R$",14532 pessoas
Rio Pardo de Minas,mineiro,"11082,95 R$",28271 pessoas
Rio Piracicaba,mineiro,"93493,98 R$",14631 pessoas
Rio Pomba,mineiro,"23182,02 R$",17443 pessoas
Rio Preto,mineiro,"12594,6 R$",5141 pessoas
Rio Vermelho,mineiro,"11141,09 R$",12641 pessoas
Ritápolis,mineiro,"19986,09 R$",4994 pessoas
Rochedo de Minas,mineiro,"49137,34 R$",2291 pessoas
Rodeiro,mineiro,"66014,18 R$",8664 pessoas
Romaria,mineiro,"77429,93 R$",3386 pessoas
Rosário da Limeira,mineiro,"14573,75 R$",4734 pessoas
Rubelita,mineiro,"14277,94 R$",5679 pessoas
Rubim,mineiro,"10879,32 R$",10298 pessoas
Sabará,mineiro,"30474,48 R$",129380 pessoas
Sabinópolis,mineiro,"21787,62 R$",14240 pessoas
Sacramento,mineiro,"78738,77 R$",26670 pessoas
Salinas,mineiro,"15942,32 R$",40178 pessoas
Salto da Divisa,mineiro,"18829,72 R$",6110 pessoas
Santa Bárbara,mineiro,"51093,18 R$",30466 pessoas
Santa Bárbara do Leste,mineiro,"13595,98 R$",8458 pessoas
Santa Bárbara do Monte Verde,mineiro,"17510,49 R$",3095 pessoas
Santa Bárbara do Tugúrio,mineiro,"16098,97 R$",4208 pessoas
Santa Cruz de Minas,mineiro,"11867,33 R$",8109 pessoas
Santa Cruz de Salinas,mineiro,"12029,68 R$",3910 pessoas
Santa Cruz do Escalvado,mineiro,"16399,94 R$",4673 pessoas
Santa Efigênia de Minas,mineiro,"11717,67 R$",4039 pessoas
Santa Fé de Minas,mineiro,"15749,38 R$",3522 pessoas
Santa Helena de Minas,mineiro,"9046,39 R$",5938 pessoas
Santa Juliana,mineiro,"59355,88 R$",15734 pessoas
Santa Luzia,mineiro,"23863,19 R$",219132 pessoas
Santa Margarida,mineiro,"21598,4 R$",16395 pessoas
Santa Maria de Itabira,mineiro,"24757,78 R$",10485 pessoas
Santa Maria do Salto,mineiro,"9608,97 R$",4755 pessoas
Santa Maria do Suaçuí,mineiro,"11695,78 R$",12788 pessoas
Santa Rita de Caldas,mineiro,"25612,88 R$",8460 pessoas
Santa Rita de Ibitipoca,mineiro,"18272,52 R$",3301 pessoas
Santa Rita de Jacutinga,mineiro,"15448,41 R$",4755 pessoas
Santa Rita de Minas,mineiro,"20733,84 R$",6773 pessoas
Santa Rita do Itueto,mineiro,"33004,29 R$",5826 pessoas
Santa Rita do Sapucaí,mineiro,"43969,93 R$",40635 pessoas
Santa Rosa da Serra,mineiro,"30331,26 R$",3382 pessoas
Santa Vitória,mineiro,"40140,53 R$",20973 pessoas
Santana da Vargem,mineiro,"34469,93 R$",6691 pessoas
Santana de Cataguases,mineiro,"12773,83 R$",3489 pessoas
Santana de Pirapama,mineiro,"15479,54 R$",7030 pessoas
Santana do Deserto,mineiro,"11889,16 R$",3747 pessoas
Santana do Garambéu,mineiro,"15700,64 R$",2137 pessoas
Santana do Jacaré,mineiro,"21867,84 R$",4214 pessoas
Santana do Manhuaçu,mineiro,"21922,2 R$",8987 pessoas
Santana do Paraíso,mineiro,"20818,42 R$",44800 pessoas
Santana do Riacho,mineiro,23947 R$,5313 pessoas
Santana dos Montes,mineiro,"13286,87 R$",3469 pessoas
Santo Antônio do Amparo,mineiro,"18956,63 R$",17285 pessoas
Santo Antônio do Aventureiro,mineiro,"18856,11 R$",3769 pessoas
Santo Antônio do Grama,mineiro,"22189,15 R$",4229 pessoas
Santo Antônio do Itambé,mineiro,"11880,62 R$",3915 pessoas
Santo Antônio do Jacinto,mineiro,"9900,93 R$",10327 pessoas
Santo Antônio do Monte,mineiro,"29473,46 R$",27295 pessoas
Santo Antônio do Retiro,mineiro,"9670,55 R$",6629 pessoas
Santo Antônio do Rio Abaixo,mineiro,"16228,63 R$",1808 pessoas
Santo Hipólito,mineiro,"16491,4 R$",2717 pessoas
Santos Dumont,mineiro,"23793,1 R$",42406 pessoas
São Bento Abade,mineiro,"16505,34 R$",4713 pessoas
São Brás do Suaçuí,mineiro,"21354,17 R$",3989 pessoas
São Domingos das Dores,mineiro,"16117,24 R$",5626 pessoas
São Domingos do Prata,mineiro,"18125,06 R$",17392 pessoas
São Félix de Minas,mineiro,"13087,33 R$",3200 pessoas
São Francisco,mineiro,"11446,32 R$",52762 pessoas
São Francisco de Paula,mineiro,"23108,24 R$",6187 pessoas
São Francisco de Sales,mineiro,"30763,55 R$",5732 pessoas
São Francisco do Glória,mineiro,"15251,54 R$",4800 pessoas
São Geraldo,mineiro,"20738,3 R$",10282 pessoas
São Geraldo da Piedade,mineiro,"11611,66 R$",3305 pessoas
São Geraldo do Baixio,mineiro,"12169,53 R$",3143 pessoas
São Gonçalo do Abaeté,mineiro,"38182,29 R$",7375 pessoas
São Gonçalo do Pará,mineiro,"24361,9 R$",11770 pessoas
São Gonçalo do Rio Abaixo,mineiro,"684168,71 R$",11850 pessoas
São Gonçalo do Rio Preto,mineiro,"15341,2 R$",3032 pessoas
São Gonçalo do Sapucaí,mineiro,"38470,78 R$",23959 pessoas
São Gotardo,mineiro,"32960,88 R$",40910 pessoas
São João Batista do Glória,mineiro,"35560,06 R$",7652 pessoas
São João da Lagoa,mineiro,"12208,13 R$",4822 pessoas
São João da Mata,mineiro,"20081,08 R$",2914 pessoas
São João da Ponte,mineiro,"10741,62 R$",23930 pessoas
São João das Missões,mineiro,"6983,08 R$",13024 pessoas
São João del Rei,mineiro,"33059,97 R$",90225 pessoas
São João do Manhuaçu,mineiro,"15536,64 R$",11246 pessoas
São João do Manteninha,mineiro,"13597,23 R$",5331 pessoas
São João do Oriente,mineiro,"13780,13 R$",7070 pessoas
São João do Pacuí,mineiro,"9974,47 R$",3972 pessoas
São João do Paraíso,mineiro,"11979,66 R$",23910 pessoas
São João Evangelista,mineiro,"16059,13 R$",15315 pessoas
São João Nepomuceno,mineiro,"19084,4 R$",25565 pessoas
São Joaquim de Bicas,mineiro,"33134,13 R$",34348 pessoas
São José da Barra,mineiro,"118358,54 R$",7793 pessoas
São José da Lapa,mineiro,"25528,59 R$",26090 pessoas
São José da Safira,mineiro,"11549,69 R$",3806 pessoas
São José da Varginha,mineiro,"22210,65 R$",4536 pessoas
São José do Alegre,mineiro,"13723,34 R$",4133 pessoas
São José do Divino,mineiro,"13774,55 R$",3464 pessoas
São José do Goiabal,mineiro,"12581,76 R$",5396 pessoas
São José do Jacuri,mineiro,"15589,16 R$",6197 pessoas
São José do Mantimento,mineiro,"15659,26 R$",2753 pessoas
São Lourenço,mineiro,"25310,43 R$",44798 pessoas
São Miguel do Anta,mineiro,"15122,87 R$",6334 pessoas
São Pedro da União,mineiro,"32471,15 R$",4885 pessoas
São Pedro do Suaçuí,mineiro,"15850,23 R$",5103 pessoas
São Pedro dos Ferros,mineiro,"17606,8 R$",7166 pessoas
São Romão,mineiro,"19123,79 R$",10315 pessoas
São Roque de Minas,mineiro,"45519,05 R$",7129 pessoas
São Sebastião da Bela Vista,mineiro,"79135,44 R$",6387 pessoas
São Sebastião da Vargem Alegre,mineiro,"21986,02 R$",3113 pessoas
São Sebastião do Anta,mineiro,"15565,34 R$",6194 pessoas
São Sebastião do Maranhão,mineiro,"10199,95 R$",10079 pessoas
São Sebastião do Oeste,mineiro,"85924,5 R$",8815 pessoas
São Sebastião do Paraíso,mineiro,"31099,51 R$",71796 pessoas
São Sebastião do Rio Preto,mineiro,"17571,23 R$",1259 pessoas
São Sebastião do Rio Verde,mineiro,"15800,11 R$",2300 pessoas
São Tomé das Letras,mineiro,"19208,82 R$",6904 pessoas
São Tiago,mineiro,"22414,96 R$",11192 pessoas
São Tomás de Aquino,mineiro,"27976,08 R$",6740 pessoas
São Vicente de Minas,mineiro,"26169,34 R$",6804 pessoas
Sapucaí-Mirim,mineiro,"15652,58 R$",6311 pessoas
Sardoá,mineiro,"10715,08 R$",5104 pessoas
Sarzedo,mineiro,"64346,33 R$",36844 pessoas
Sem-Peixe,mineiro,"14216,64 R$",2433 pessoas
Senador Amaral,mineiro,"16672,42 R$",6206 pessoas
Senador Cortes,mineiro,"19007,94 R$",2240 pessoas
Senador Firmino,mineiro,"13512,67 R$",7716 pessoas
Senador José Bento,mineiro,"24962,26 R$",2068 pessoas
Senador Modestino Gonçalves,mineiro,"22733,52 R$",4008 pessoas
Senhora de Oliveira,mineiro,"14013,7 R$",5483 pessoas
Senhora do Porto,mineiro,"14157,59 R$",3067 pessoas
Senhora dos Remédios,mineiro,11053 R$,10384 pessoas
Sericita,mineiro,"14303,08 R$",7345 pessoas
Seritinga,mineiro,"24357,44 R$",1819 pessoas
Serra Azul de Minas,mineiro,"10499,95 R$",3792 pessoas
Serra da Saudade,mineiro,"28392,42 R$",833 pessoas
Serra do Salitre,mineiro,"83678,44 R$",11801 pessoas
Serra dos Aimorés,mineiro,"10433,7 R$",6944 pessoas
Serrania,mineiro,"21083,52 R$",7621 pessoas
Serranópolis de Minas,mineiro,"9813,13 R$",4399 pessoas
Serranos,mineiro,"19785,54 R$",1990 pessoas
Serro,mineiro,"13982,29 R$",21952 pessoas
Sete Lagoas,mineiro,"51894,81 R$",227397 pessoas
Setubinha,mineiro,"9820,38 R$",9917 pessoas
Silveirânia,mineiro,"15505,21 R$",2323 pessoas
Silvianópolis,mineiro,"22619,95 R$",6179 pessoas
Simão Pereira,mineiro,"39707,08 R$",2947 pessoas
Simonésia,mineiro,"14383,71 R$",19750 pessoas
Sobrália,mineiro,"12303,29 R$",5137 pessoas
Soledade de Minas,mineiro,"13150,84 R$",5613 pessoas
Tabuleiro,mineiro,"17915,28 R$",4014 pessoas
Taiobeiras,mineiro,"16085,74 R$",33050 pessoas
Taparuba,mineiro,"15864,94 R$",3387 pessoas
Tapira,mineiro,"140948,55 R$",4118 pessoas
Tapiraí,mineiro,"29984,35 R$",1690 pessoas
Taquaraçu de Minas,mineiro,"16000,68 R$",4224 pessoas
Tarumirim,mineiro,"13189,15 R$",14709 pessoas
Teixeiras,mineiro,"16380,33 R$",12255 pessoas
Teófilo Otoni,mineiro,"20893,97 R$",137418 pessoas
Timóteo,mineiro,61482 R$,81579 pessoas
Tiradentes,mineiro,"25209,23 R$",7744 pessoas
Tiros,mineiro,"59641,82 R$",7883 pessoas
Tocantins,mineiro,"20853,44 R$",16185 pessoas
Tocos do Moji,mineiro,"17177,37 R$",3826 pessoas
Toledo,mineiro,"16912,97 R$",7214 pessoas
Tombos,mineiro,"17047,93 R$",8609 pessoas
Três Corações,mineiro,"36734,42 R$",75485 pessoas
Três Marias,mineiro,"95324,95 R$",28895 pessoas
Três Pontas,mineiro,"32896,24 R$",55255 pessoas
Tumiritinga,mineiro,"12198,83 R$",5886 pessoas
Tupaciguara,mineiro,"37169,53 R$",25470 pessoas
Turmalina,mineiro,"21879,01 R$",20000 pessoas
Turvolândia,mineiro,"27420,97 R$",4935 pessoas
Ubá,mineiro,"30288,91 R$",103365 pessoas
Ubaí,mineiro,"9258,29 R$",11708 pessoas
Ubaporanga,mineiro,"13424,24 R$",13017 pessoas
Uberaba,mineiro,"59943,87 R$",337836 pessoas
Uberlândia,mineiro,"61038,02 R$",713224 pessoas
Umburatiba,mineiro,"17107,6 R$",2684 pessoas
Unaí,mineiro,"50544,26 R$",86619 pessoas
União de Minas,mineiro,30580 R$,3828 pessoas
Uruana de Minas,mineiro,"29820,95 R$",3282 pessoas
Urucânia,mineiro,"23226,29 R$",10600 pessoas
Urucuia,mineiro,"11061,34 R$",17479 pessoas
Vargem Alegre,mineiro,"11970,81 R$",5780 pessoas
Vargem Bonita,mineiro,"40894,45 R$",2158 pessoas
Vargem Grande do Rio Pardo,mineiro,"13504,4 R$",4633 pessoas
Varginha,mineiro,"58817,87 R$",136467 pessoas
Varjão de Minas,mineiro,"43704,06 R$",6969 pessoas
Várzea da Palma,mineiro,"26623,1 R$",33744 pessoas
Varzelândia,mineiro,"9704,8 R$",18840 pessoas
Vazante,mineiro,"56478,26 R$",19975 pessoas
Verdelândia,mineiro,"12118,32 R$",7672 pessoas
Veredinha,mineiro,"23208,11 R$",5181 pessoas
Veríssimo,mineiro,41671 R$,3411 pessoas
Vermelho Novo,mineiro,"13235,02 R$",4899 pessoas
Vespasiano,mineiro,"22909,06 R$",129246 pessoas
Viçosa,mineiro,"22673,74 R$",76430 pessoas
Vieiras,mineiro,"14974,51 R$",3700 pessoas
Virgem da Lapa,mineiro,"9585,82 R$",11804 pessoas
Virgínia,mineiro,"20855,96 R$",8908 pessoas
Virginópolis,mineiro,"17587,98 R$",10314 pessoas
Virgolândia,mineiro,"11818,51 R$",4552 pessoas
Visconde do Rio Branco,mineiro,"31179,87 R$",39160 pessoas
Volta Grande,mineiro,"26633,91 R$",4443 pessoas
Wenceslau Braz,mineiro,"13011,59 R$",2356 pessoas