Municípios,Gentílico,PIB per capita,População
Abadia dos Dourados,mineiro,25174.26,6272
Abaeté,mineiro,23266.1,22675
Abre Campo,mineiro,19553.86,13927
Acaiaca,mineiro,16247.06,3909
Açucena,mineiro,17888.2,8943
Água Boa,mineiro,14421.07,12589
Água Comprida,mineiro,115725.51,2108
Aguanil,mineiro,20762.54,4357
Águas Formosas,mineiro,14913.12,18448
Águas Vermelhas,mineiro,17329.28,14037
Aimorés,mineiro,25402.54,25269
Aiuruoca,mineiro,21608.49,6233
Alagoa,mineiro,17958.99,2749
Albertina,mineiro,51065.05,2952
Além Paraíba,mineiro,27422.83,30717
Alfenas,mineiro,43049.74,78970
Alfredo Vasconcelos,mineiro,21364.59,6931
Almenara,mineiro,15924.96,40364
Alpercata,mineiro,12700.99,6903
Alpinópolis,mineiro,26133.79,18300
Alterosa,mineiro,20357.31,13915
Alto Caparaó,mineiro,16354.23,5795
Alto Jequitibá,mineiro,15158.56,8397
Alto Rio Doce,mineiro,16798.64,10891
Alvarenga,mineiro,14445.67,3975
Alvinópolis,mineiro,22478.72,15059
Alvorada de Minas,mineiro,17990.28,4159
Amparo do Serra,mineiro,12045.13,4541
Andradas,mineiro,28386.06,40553
Andrelândia,mineiro,23950.85,11927
Angelândia,mineiro,16818.81,7718
Antônio Carlos,mineiro,21088.32,11095
Antônio Dias,mineiro,96894.13,9219
Antônio Prado de Minas,mineiro,18117.22,1538
Araçaí,mineiro,25422.8,2181
Aracitaba,mineiro,15253.67,2049
Araçuaí,mineiro,14163.67,34297
Araguari,mineiro,49322.18,117808
Arantina,mineiro,31861.03,2915
Araponga,mineiro,14443.79,8048
Araporã,mineiro,185156.76,8479
Arapuá,mineiro,60936.37,2631
Araújos,mineiro,49809.64,9199
Araxá,mineiro,82570.25,111691
Arceburgo,mineiro,31547.24,9177
Arcos,mineiro,57713.61,41416
Areado,mineiro,20234.71,13881
Argirita,mineiro,14954.09,2688
Aricanduva,mineiro,12645.43,4719
Arinos,mineiro,17849.84,17272
Astolfo Dutra,mineiro,20339.56,14138
Ataléia,mineiro,15926.39,13736
Augusto de Lima,mineiro,18423.57,4538
Baependi,mineiro,19795.44,18366
Baldim,mineiro,25871.06,7492
Bambuí,mineiro,32549.38,23546
Bandeira,mineiro,12476.94,4741
Bandeira do Sul,mineiro,14907.61,5943
Barão de Cocais,mineiro,73393.52,30778
Barão de Monte Alto,mineiro,11883.74,4964
Barbacena,mineiro,25335.18,125317
Barra Longa,mineiro,16702.85,5666
Barroso,mineiro,29022.49,20080
Bela Vista de Minas,mineiro,55337.41,10167
Belmiro Braga,mineiro,17992.57,3244
Belo Horizonte,mineiro,41818.32,2315560
Belo Oriente,mineiro,77527.64,23928
Belo Vale,mineiro,36243.16,8627
Berilo,mineiro,9551.5,9826
Berizal,mineiro,12734.93,4201
Bertópolis,mineiro,11671.08,4451
Betim,mineiro,73624.78,411846
Bias Fortes,mineiro,12668.63,3361
Bicas,mineiro,18998.7,13978
Biquinhas,mineiro,25978.67,2383
Boa Esperança,mineiro,26261.54,39848
Bocaina de Minas,mineiro,15766.67,5348
Bocaiúva,mineiro,24252.97,48032
Bom Despacho,mineiro,35269,51737
Bom Jardim de Minas,mineiro,19828.35,6783
Bom Jesus da Penha,mineiro,45924.06,4474
Bom Jesus do Amparo,mineiro,25935.64,5631
Bom Jesus do Galho,mineiro,11568.99,14536
Bom Repouso,mineiro,15221.01,12649
Bom Sucesso,mineiro,25271.28,17151
Bonfim,mineiro,19772.69,7434
Bonfinópolis de Minas,mineiro,84995.13,5528
Bonito de Minas,mineiro,8784.49,10204
Borda da Mata,mineiro,18923.96,17404
Botelhos,mineiro,21834.65,14828
Botumirim,mineiro,12103.05,5790
Brás Pires,mineiro,11758.46,4260
Brasilândia de Minas,mineiro,24489.37,15020
Brasília de Minas,mineiro,11627.4,32025
Brazópolis,mineiro,13786.69,14246
Braúnas,mineiro,44982.9,4441
Brumadinho,mineiro,112233.99,38915
Bueno Brandão,mineiro,21921.18,10911
Buenópolis,mineiro,17474.86,9150
Bugre,mineiro,11937.36,4041
Buritis,mineiro,46229.61,24030
Buritizeiro,mineiro,26118.73,23910
Cabeceira Grande,mineiro,67955.62,6627
Cabo Verde,mineiro,20665.25,11410
Cachoeira da Prata,mineiro,14487.2,3693
Cachoeira de Minas,mineiro,46258.02,11883
Cachoeira de Pajeú,mineiro,13262.75,9110
Cachoeira Dourada,mineiro,99124.77,2315
Caetanópolis,mineiro,26561.99,11435
Caeté,mineiro,23695.84,38776
Caiana,mineiro,15876.73,5304
Cajuri,mineiro,24569.91,4088
Caldas,mineiro,23127.61,14217
Camacho,mineiro,24964.43,2838
Camanducaia,mineiro,45365.42,26097
Cambuí,mineiro,62049.99,29536
Cambuquira,mineiro,28950.98,12313
Campanário,mineiro,14298.98,2923
Campanha,mineiro,26097.7,15935
Campestre,mineiro,23104.32,20696
Campina Verde,mineiro,27169.11,18011
Campo Azul,mineiro,10616.58,3714
Campo Belo,mineiro,22905.64,52277
Campo do Meio,mineiro,19843.07,11377
Campo Florido,mineiro,84803.44,8466
Campos Altos,mineiro,27730.44,12979
Campos Gerais,mineiro,24372.14,26105
Cana Verde,mineiro,14348.74,5272
Canaã,mineiro,17088.06,4715
Canápolis,mineiro,55343.4,10608
Candeias,mineiro,24926.08,14001
Cantagalo,mineiro,12406.75,3974
Caparaó,mineiro,17866.83,5048
Capela Nova,mineiro,13534.64,4362
Capelinha,mineiro,23174.33,39626
Capetinga,mineiro,30215.68,6562
Capim Branco,mineiro,12467.57,10663
Capinópolis,mineiro,40910.84,14655
Capitão Andrade,mineiro,10939.49,4585
Capitão Enéas,mineiro,32591.49,14108
Capitólio,mineiro,37783.2,10380
Caputira,mineiro,15427.23,8936
Caraí,mineiro,8814.85,19548
Caranaíba,mineiro,13169.27,2933
Carandaí,mineiro,29108.4,23812
Carangola,mineiro,19358.62,31240
Caratinga,mineiro,24518.79,87360
Carbonita,mineiro,23419.5,8512
Careaçu,mineiro,25519.59,6816
Carlos Chagas,mineiro,25642.26,18615
Carmésia,mineiro,14958.01,2605
Carmo da Cachoeira,mineiro,26379.28,11547
Carmo da Mata,mineiro,23014.9,11019
Carmo de Minas,mineiro,19322.94,13797
Carmo do Cajuru,mineiro,27469.01,23479
Carmo do Paranaíba,mineiro,34945.92,29011
Carmo do Rio Claro,mineiro,32595.84,20954
Carmópolis de Minas,mineiro,23365.28,18003
Carneirinho,mineiro,40332.68,9422
Carrancas,mineiro,43842.86,4049
Carvalhópolis,mineiro,19752.88,3341
Carvalhos,mineiro,18141.26,4422
Casa Grande,mineiro,30760.19,2214
Cascalho Rico,mineiro,25741.18,2712
Cássia,mineiro,24600.35,17155
Cataguases,mineiro,21748.3,66261
Catas Altas,mineiro,920833.97,5473
Catas Altas da Noruega,mineiro,11130.5,3110
Catuji,mineiro,13420.7,7030
Catuti,mineiro,11497.57,4739
Caxambu,mineiro,17204.61,21056
Cedro do Abaeté,mineiro,19483.63,1081
Central de Minas,mineiro,12334.73,6171
Centralina,mineiro,33942.79,10207
Chácara,mineiro,14661.46,3075
Chalé,mineiro,20049.37,6075
Chapada do Norte,mineiro,7247.1,10337
Chapada Gaúcha,mineiro,28354.63,12355
Chiador,mineiro,14020.88,2800
Cipotânea,mineiro,10762.85,5581
Claraval,mineiro,37352.16,4658
Claro dos Poções,mineiro,11196.9,7166
Cláudio,mineiro,38451.85,30159
Coimbra,mineiro,18325.94,7117
Coluna,mineiro,13756.65,8163
Comendador Gomes,mineiro,49491.51,2773
Comercinho,mineiro,10285.11,6660
Conceição da Aparecida,mineiro,26487.93,10371
Conceição da Barra de Minas,mineiro,17449.47,3560
Conceição das Alagoas,mineiro,45805.26,28381
Conceição das Pedras,mineiro,21692.56,2772
Conceição de Ipanema,mineiro,17685.15,4409
Conceição do Mato Dentro,mineiro,519040.92,23163
Conceição do Pará,mineiro,88902.87,5415
Conceição do Rio Verde,mineiro,25025.75,12541
Conceição dos Ouros,mineiro,18994.87,10880
Cônego Marinho,mineiro,8212.18,7237
Confins,mineiro,70734.21,7350
Congonhal,mineiro,18053.14,11083
Congonhas,mineiro,73709.5,52890
Congonhas do Norte,mineiro,9768.27,4831
Conquista,mineiro,70049.61,6694
Conselheiro Lafaiete,mineiro,23881.55,131621
Conselheiro Pena,mineiro,16708.53,20824
Consolação,mineiro,17609.85,1563
Contagem,mineiro,54136.41,621863
Coqueiral,mineiro,25735.37,9023
Coração de Jesus,mineiro,10251.33,25377
Cordisburgo,mineiro,16419.95,7547
Cordislândia,mineiro,32084.04,3200
Corinto,mineiro,25937.03,23532
Coroaci,mineiro,12690.02,10884
Coromandel,mineiro,54911.1,28894
Coronel Fabriciano,mineiro,18029.42,104736
Coronel Murta,mineiro,13016.09,8200
Coronel Pacheco,mineiro,19419.15,2762
Coronel Xavier Chaves,mineiro,26367.67,3486
Córrego Danta,mineiro,52273.69,2960
Córrego do Bom Jesus,mineiro,12384.73,4272
Córrego Fundo,mineiro,49904.63,6133
Córrego Novo,mineiro,14332.74,2875
Couto de Magalhães de Minas,mineiro,14262.94,4245
Crisólita,mineiro,11215.05,5265
Cristais,mineiro,22628.65,12197
Cristália,mineiro,9875.05,5121
Cristiano Otoni,mineiro,23967.13,4667
Cristina,mineiro,22906.28,10374
Crucilândia,mineiro,16383.73,5434
Cruzeiro da Fortaleza,mineiro,50408.9,3521
Cruzília,mineiro,20461.59,15362
Cuparaque,mineiro,14734.12,3983
Curral de Dentro,mineiro,10226.6,7406
Curvelo,mineiro,27509.61,80665
Datas,mineiro,13618.93,5465
Delfim Moreira,mineiro,15700.68,7952
Delfinópolis,mineiro,34599.14,8393
Delta,mineiro,42456.49,10494
Descoberto,mineiro,16206.3,4928
Desterro de Entre Rios,mineiro,35948.85,7653
Desterro do Melo,mineiro,17657.89,2994
Diamantina,mineiro,20537.92,47702
Diogo de Vasconcelos,mineiro,11363.34,3549
Dionísio,mineiro,12128.99,6847
Divinésia,mineiro,18575.93,4226
Divino,mineiro,15957.14,20706
Divino das Laranjeiras,mineiro,12416.03,4178
Divinolândia de Minas,mineiro,10750.55,6516
Divinópolis,mineiro,34355.36,231091
Divisa Alegre,mineiro,25656.27,6321
Divisa Nova,mineiro,21452.98,5851
Divisópolis,mineiro,8178.51,10213
Dom Bosco,mineiro,19065.15,3697
Dom Cavati,mineiro,13860.37,4904
Dom Joaquim,mineiro,15289.15,4899
Dom Silvério,mineiro,20648.91,5228
Dom Viçoso,mineiro,13052.06,3095
Dona Euzébia,mineiro,16492.38,6093
Dores de Campos,mineiro,31116.02,10007
Dores de Guanhães,mineiro,37105.01,5029
Dores do Indaiá,mineiro,26339.03,12630
Dores do Turvo,mineiro,15908.49,4987
Doresópolis,mineiro,54667.85,1461
Douradoquara,mineiro,41427.06,1829
Durandé,mineiro,15560.07,7817
Elói Mendes,mineiro,24720.9,26336
Engenheiro Caldas,mineiro,13936.2,13622
Engenheiro Navarro,mineiro,12715.66,6354
Entre Folhas,mineiro,12061.39,5179
Entre Rios de Minas,mineiro,17481.31,14746
Ervália,mineiro,21529.87,20255
Esmeraldas,mineiro,13419.92,85598
Espera Feliz,mineiro,16254.21,24102
Espinosa,mineiro,11517.31,30443
Espírito Santo do Dourado,mineiro,25854.33,6611
Estiva,mineiro,52723.75,11502
Estrela Dalva,mineiro,18586.66,2186
Estrela do Indaiá,mineiro,47456.81,2772
Estrela do Sul,mineiro,43679.34,6840
Eugenópolis,mineiro,19487.85,10801
Ewbank da Câmara,mineiro,13825.96,3875
Extrema,mineiro,362591.97,53482
Fama,mineiro,24698.85,2578
Faria Lemos,mineiro,20105.49,3188
Felício dos Santos,mineiro,15837.34,5133
Felisburgo,mineiro,10030.05,6489
Felixlândia,mineiro,18106.34,13978
Fernandes Tourinho,mineiro,13101.7,2789
Ferros,mineiro,15447.38,9590
Fervedouro,mineiro,14134.11,10445
Florestal,mineiro,18785.7,8045
Formiga,mineiro,32581.52,68248
Formoso,mineiro,32101.59,7949
Fortaleza de Minas,mineiro,24956.6,3477
Fortuna de Minas,mineiro,17170.82,3093
Francisco Badaró,mineiro,7546.65,7366
Francisco Dumont,mineiro,14352.6,4503
Francisco Sá,mineiro,17077.75,23476
Franciscópolis,mineiro,19449.13,5034
Frei Gaspar,mineiro,13674.68,5640
Frei Inocêncio,mineiro,15488.87,8226
Frei Lagonegro,mineiro,10171.36,3391
Fronteira,mineiro,49568.1,14540
Fronteira dos Vales,mineiro,10777.9,4345
Fruta de Leite,mineiro,8999.57,4647
Frutal,mineiro,40872.58,58588
Funilândia,mineiro,18794.03,4686
Galiléia,mineiro,16814.67,6222
Gameleiras,mineiro,11278.35,4793
Glaucilândia,mineiro,12945.77,2928
Goiabeira,mineiro,14670.26,2830
Goianá,mineiro,15513.28,4053
Gonçalves,mineiro,21624.99,4727
Gonzaga,mineiro,11153.48,5230
Gouveia,mineiro,16842.21,11331
Governador Valadares,mineiro,26165.06,257171
Grão Mogol,mineiro,48352.82,13901
Grupiara,mineiro,31890.41,1392
Guanhães,mineiro,28633.61,32244
Guapé,mineiro,27386.89,13772
Guaraciaba,mineiro,11179.62,9753
Guaraciama,mineiro,15589.72,5051
Guaranésia,mineiro,28891.14,19150
Guarani,mineiro,19461.62,7714
Guarará,mineiro,15349.17,3149
Guarda-Mor,mineiro,114474.42,6539
Guaxupé,mineiro,53726.8,50911
Guidoval,mineiro,17600.19,7131
Guimarânia,mineiro,40063.15,8478
Guiricema,mineiro,13793.57,7778
Gurinhatã,mineiro,32779.01,5192
Heliodora,mineiro,20150.08,6134
Iapu,mineiro,15915.1,12030
Ibertioga,mineiro,20716.39,5198
Ibiá,mineiro,60160.3,22229
Ibiaí,mineiro,13560.18,6286
Ibiracatu,mineiro,9600.19,5081
Ibiraci,mineiro,51550.46,10948
Ibirité,mineiro,17407.52,170537
Ibitiúra de Minas,mineiro,22201.2,3365
Ibituruna,mineiro,19766.09,2698
Icaraí de Minas,mineiro,9134.97,10677
Igarapé,mineiro,21707.59,45847
Igaratinga,mineiro,51874.24,10830
Iguatama,mineiro,74348.83,6826
Ijaci,mineiro,74228.52,7003
Ilicínea,mineiro,21212.04,12741
Imbé de Minas,mineiro,14503.11,6986
Inconfidentes,mineiro,17947.26,7301
Indaiabira,mineiro,11914.84,6346
Indianópolis,mineiro,124934.02,6171
Ingaí,mineiro,41544.77,2580
Inhapim,mineiro,16852.46,22692
Inhaúma,mineiro,22951.75,6239
Inimutaba,mineiro,11931.24,7371
Ipaba,mineiro,9527.36,17136
Ipanema,mineiro,17115.04,19522
Ipatinga,mineiro,65869.82,227731
Ipiaçu,mineiro,43292.43,3775
Ipuiúna,mineiro,18563.37,9135
Iraí de Minas,mineiro,42670.29,7180
Itabira,mineiro,123006.06,113343
Itabirinha,mineiro,11723.25,10362
Itabirito,mineiro,247940,53365
Itacambira,mineiro,11331.15,4252
Itacarambi,mineiro,12454.64,17208
Itaguara,mineiro,29790.11,13846
Itaipé,mineiro,9419.18,10463
Itajubá,mineiro,33630.33,93073
Itamarandiba,mineiro,18431.8,32948
Itamarati de Minas,mineiro,15321,3690
Itambacuri,mineiro,14696.07,21042
Itambé do Mato Dentro,mineiro,17678,2142
Itamogi,mineiro,23351.61,10770
Itamonte,mineiro,74613.56,14786
Itanhandu,mineiro,30315.87,15236
Itanhomi,mineiro,12341.6,11128
Itaobim,mineiro,14701.65,19151
Itapagipe,mineiro,33155.1,13690
Itapecerica,mineiro,28915.19,21046
Itapeva,mineiro,85067.72,12692
Itatiaiuçu,mineiro,610779.65,12966
Itaú de Minas,mineiro,44471.67,14406
Itaúna,mineiro,53834.65,97669
Itaverava,mineiro,13411.54,5642
Itinga,mineiro,9849.06,13745
Itueta,mineiro,20119.67,6055
Ituiutaba,mineiro,35891.17,102217
Itumirim,mineiro,15326.47,6638
Iturama,mineiro,50309.34,38295
Itutinga,mineiro,46016.16,4217
Jaboticatubas,mineiro,14403.17,20406
Jacinto,mineiro,10680.55,11042
Jacuí,mineiro,19619.02,7495
Jacutinga,mineiro,43106.68,25525
Jaguaraçu,mineiro,34860.43,3092
Jaíba,mineiro,21310.16,37660
Jampruca,mineiro,15136.53,4296
Janaúba,mineiro,22157.83,70699
Januária,mineiro,12133.95,65150
Japaraíba,mineiro,22937.4,4506
Japonvar,mineiro,9688.75,8127
Jeceaba,mineiro,407353.2,6197
Jenipapo de Minas,mineiro,10214.67,6100
Jequeri,mineiro,15840.35,12419
Jequitaí,mineiro,17614.92,6484
Jequitibá,mineiro,24253.55,5883
Jequitinhonha,mineiro,10754.52,24007
Jesuânia,mineiro,21827.32,5138
Joaíma,mineiro,10509.42,13888
Joanésia,mineiro,25154.48,4329
João Monlevade,mineiro,59963.67,80187
João Pinheiro,mineiro,44929.59,46801
Joaquim Felício,mineiro,15206.06,3854
Jordânia,mineiro,9857.64,10304
José Gonçalves de Minas,mineiro,11565.81,3969
José Raydan,mineiro,14172.89,4268
Josenópolis,mineiro,11815.85,3630
Juatuba,mineiro,51653.48,30716
Juiz de Fora,mineiro,35145.34,540756
Juramento,mineiro,11839.64,3768
Juruaia,mineiro,25392.25,11084
Juvenília,mineiro,11502.41,5789
Ladainha,mineiro,8063.14,14383
Lagamar,mineiro,31961.94,6631
Lagoa da Prata,mineiro,37310.73,51412
Lagoa dos Patos,mineiro,14675.29,3313
Lagoa Dourada,mineiro,26337.64,12769
Lagoa Formosa,mineiro,31130.75,18904
Lagoa Grande,mineiro,30214.48,8969
Lagoa Santa,mineiro,32802.82,75145
Lajinha,mineiro,20069.96,20835
Lambari,mineiro,19293.34,20414
Lamim,mineiro,15487.44,3184
Laranjal,mineiro,13971.34,5963
Lassance,mineiro,29649.11,7124
Lavras,mineiro,27818.1,104761
Leandro Ferreira,mineiro,17228.55,3199
Leme do Prado,mineiro,13448.01,4341
Leopoldina,mineiro,21124.06,51145
Liberdade,mineiro,21553.54,4737
Lima Duarte,mineiro,20279.44,17221
Limeira do Oeste,mineiro,60582.62,8687
Lontra,mineiro,9610.66,8790
Luisburgo,mineiro,21249.6,6956
Luislândia,mineiro,9721.43,6210
Luminárias,mineiro,27448.05,5586
Luz,mineiro,35908.88,17875
Machacalis,mineiro,15811.47,6487
Machado,mineiro,32188.05,37684
Madre de Deus de Minas,mineiro,58993.52,5191
Malacacheta,mineiro,12708.51,17516
Mamonas,mineiro,9155.69,5997
Manga,mineiro,13482.39,18886
Manhuaçu,mineiro,35607.52,91886
Manhumirim,mineiro,24613.19,20613
Mantena,mineiro,17248.55,26535
Mar de Espanha,mineiro,17526.23,12721
Maravilhas,mineiro,28738.33,7333
Maria da Fé,mineiro,14490.07,14247
Mariana,mineiro,119155.4,61387
Marilac,mineiro,14150.23,4224
Mário Campos,mineiro,12520.55,15900
Maripá de Minas,mineiro,24993.05,3387
Marliéria,mineiro,14999.89,4592
Marmelópolis,mineiro,15843.65,3200
Martinho Campos,mineiro,35176.11,14003
Martins Soares,mineiro,24963.05,8396
Mata Verde,mineiro,10526.08,9112
Materlândia,mineiro,13710.97,3963
Mateus Leme,mineiro,34132.67,37841
Mathias Lobato,mineiro,13915.37,3038
Matias Barbosa,mineiro,42951.23,14121
Matias Cardoso,mineiro,13964.57,8895
Matipó,mineiro,22270.48,18552
Mato Verde,mineiro,12741.8,12038
Matozinhos,mineiro,39152.41,37618
Matutina,mineiro,26036.56,3814
Medeiros,mineiro,64058.5,3900
Medina,mineiro,12224.08,20156
Mendes Pimentel,mineiro,12006.86,5606
Mercês,mineiro,14085.21,10373
Mesquita,mineiro,10833.03,5040
Minas Novas,mineiro,11112.45,24405
Minduri,mineiro,42093.45,3741
Mirabela,mineiro,11941.74,13651
Miradouro,mineiro,16084.86,8968
Miraí,mineiro,21973.7,13633
Miravânia,mineiro,9477.13,3985
Moeda,mineiro,15529.83,5125
Moema,mineiro,20110.03,7548
Monjolos,mineiro,21433.52,2169
Monsenhor Paulo,mineiro,26033.53,8340
Montalvânia,mineiro,11313.56,14060
Monte Alegre de Minas,mineiro,35500.1,20170
Monte Azul,mineiro,12467.46,20328
Monte Belo,mineiro,27847.63,13046
Monte Carmelo,mineiro,32440.12,47692
Monte Formoso,mineiro,8919.75,4381
Monte Santo de Minas,mineiro,22477.33,20890
Monte Sião,mineiro,25011.26,24089
Montes Claros,mineiro,25870.23,414240
Montezuma,mineiro,10868.92,6888
Morada Nova de Minas,mineiro,60432.26,9067
Morro da Garça,mineiro,21156.64,2411
Morro do Pilar,mineiro,14113.38,3133
Munhoz,mineiro,21570.92,7451
Muriaé,mineiro,24137.53,104108
Mutum,mineiro,18874.87,27635
Muzambinho,mineiro,26091.09,21891
Nacip Raydan,mineiro,11607,2459
Nanuque,mineiro,19924.58,35038
Naque,mineiro,12675.74,6303
Natalândia,mineiro,22725.11,3520
Natércia,mineiro,24403.15,4691
Nazareno,mineiro,76794.68,8179
Nepomuceno,mineiro,23008.04,25018
Ninheira,mineiro,12205.08,10588
Nova Belém,mineiro,27201.82,3151
Nova Era,mineiro,24702.73,17438
Nova Lima,mineiro,216092.4,111697
Nova Módica,mineiro,16530.55,3663
Nova Ponte,mineiro,69569.06,14598
Nova Porteirinha,mineiro,15515.42,6706
Nova Resende,mineiro,22770.81,16387
Nova Serrana,mineiro,24352.06,105552
Nova União,mineiro,18734.56,5909
Novo Cruzeiro,mineiro,10544.29,26975
Novo Oriente de Minas,mineiro,11256.56,10275
Novorizonte,mineiro,13167.03,4571
Olaria,mineiro,18836.72,1945
Olhos-d'Água,mineiro,33947.04,5385
Olímpio Noronha,mineiro,15528.17,2555
Oliveira,mineiro,26318.88,39262
Oliveira Fortes,mineiro,19047.02,2027
Onça de Pitangui,mineiro,20575.42,2969
Oratórios,mineiro,15170.99,4917
Orizânia,mineiro,14998.7,8437
Ouro Branco,mineiro,219860,38724
Ouro Fino,mineiro,27526.34,32094
Ouro Preto,mineiro,127232.37,74821
Ouro Verde de Minas,mineiro,11503.59,5757
Padre Carvalho,mineiro,8999.72,5058
Padre Paraíso,mineiro,10514.08,17334
Pai Pedro,mineiro,9617.09,5551
Paineiras,mineiro,18654.32,4224
Pains,mineiro,63965.84,8142
Paiva,mineiro,17996.58,1474
Palma,mineiro,15693.82,5707
Palmópolis,mineiro,12292.83,6301
Papagaios,mineiro,23511.04,13920
Pará de Minas,mineiro,42098.58,97139
Paracatu,mineiro,76144.41,94023
Paraguaçu,mineiro,29998.34,21723
Paraisópolis,mineiro,27752.05,20445
Paraopeba,mineiro,36955.29,24107
Passa Quatro,mineiro,28737.93,15515
Passa Tempo,mineiro,59808.53,8473
Passa Vinte,mineiro,20794.2,2233
Passabém,mineiro,14574,1600
Passos,mineiro,26081.82,111939
Patis,mineiro,9122.53,4837
Patos de Minas,mineiro,39738.04,159235
Patrocínio,mineiro,39932.3,89826
Patrocínio do Muriaé,mineiro,20206.33,5576
Paula Cândido,mineiro,14255.97,8659
Paulistas,mineiro,14048.81,4389
Pavão,mineiro,11093.87,8047
Peçanha,mineiro,15407.09,17446
Pedra Azul,mineiro,16498.08,24410
Pedra Bonita,mineiro,13480.12,7320
Pedra do Anta,mineiro,19502.49,3311
Pedra do Indaiá,mineiro,29206.43,4112
Pedra Dourada,mineiro,16527.2,2757
Pedralva,mineiro,16460.4,10760
Pedras de Maria da Cruz,mineiro,8900.37,10433
Pedrinópolis,mineiro,55906.67,3344
Pedro Leopoldo,mineiro,29763.4,62580
Pedro Teixeira,mineiro,16778.21,1810
Pequeri,mineiro,18724.66,3351
Pequi,mineiro,19184.76,4155
Perdigão,mineiro,18941.95,12268
Perdizes,mineiro,98918.71,17151
Perdões,mineiro,29060.6,21384
Periquito,mineiro,16574.4,6553
Pescador,mineiro,11054.09,3570
Piau,mineiro,34082.97,2796
Piedade de Caratinga,mineiro,15939.53,8529
Piedade de Ponte Nova,mineiro,15149.65,3976
Piedade do Rio Grande,mineiro,24887.48,4604
Piedade dos Gerais,mineiro,17842.82,5019
Pimenta,mineiro,32326.06,8563
Pingo-d'Água,mineiro,10483.1,4706
Pintópolis,mineiro,9445.44,7084
Piracema,mineiro,47478.8,6700
Pirajuba,mineiro,62212.95,5537
Piranga,mineiro,11347.31,17018
Piranguçu,mineiro,14238.45,6041
Piranguinho,mineiro,15671.86,9120
Pirapetinga,mineiro,59224.34,11077
Pirapora,mineiro,50580.69,55606
Piraúba,mineiro,18697.86,11610
Pitangui,mineiro,26073.15,26685
Piumhi,mineiro,36452.59,36062
Planura,mineiro,46149.3,11145
Poço Fundo,mineiro,23897.47,16390
Poços de Caldas,mineiro,50234.29,163742
Pocrane,mineiro,14686.18,8350
Pompéu,mineiro,36287.11,31047
Ponte Nova,mineiro,35748.11,57776
Ponto Chique,mineiro,12096.62,3747
Ponto dos Volantes,mineiro,10016.81,10883
Porteirinha,mineiro,13931.71,37438
Porto Firme,mineiro,11411.12,10569
Poté,mineiro,10122.67,13666
Pouso Alegre,mineiro,69478.81,152217
Pouso Alto,mineiro,47333.42,6566
Prados,mineiro,25109.69,9048
Prata,mineiro,45907.1,28342
Pratápolis,mineiro,26805.27,8406
Pratinha,mineiro,42299.41,3559
Presidente Bernardes,mineiro,12740.53,4850
Presidente Juscelino,mineiro,13744.52,3465
Presidente Kubitschek,mineiro,12064.56,3071
Presidente Olegário,mineiro,37169.17,18765
Prudente de Morais,mineiro,18583.47,11466
Quartel Geral,mineiro,21546.08,3179
Queluzito,mineiro,20557.6,1770
Raposos,mineiro,11738.63,16279
Raul Soares,mineiro,17893.53,23423
Recreio,mineiro,11720.36,11007
Reduto,mineiro,16727.6,7848
Resende Costa,mineiro,17924.97,11230
Resplendor,mineiro,15972.45,17226
Ressaquinha,mineiro,77296.87,4548
Riachinho,mineiro,19338.76,6863
Riacho dos Machados,mineiro,56250.5,8756
Ribeirão das Neves,mineiro,15177.16,329794
Ribeirão Vermelho,mineiro,25941.3,4080
Rio Acima,mineiro,44894.6,10261
Rio Casca,mineiro,17735.11,12789
Rio do Prado,mineiro,10293.72,4639
Rio Doce,mineiro,19723.72,2484
Rio Espera,mineiro,11179.64,5429
Rio Manso,mineiro,19200.76,5568
Rio Novo,mineiro,13398.92,8518
Rio Paranaíba,mineiro,73353.29,14532
Rio Pardo de Minas,mineiro,11082.95,28271
Rio Piracicaba,mineiro,93493.98,14631
Rio Pomba,mineiro,23182.02,17443
Rio Preto,mineiro,12594.6,5141
Rio Vermelho,mineiro,11141.09,12641
Ritápolis,mineiro,19986.09,4994
Rochedo de Minas,mineiro,49137.34,2291
Rodeiro,mineiro,66014.18,8664
Romaria,mineiro,77429.93,3386
Rosário da Limeira,mineiro,14573.75,4734
Rubelita,mineiro,14277.94,5679
Rubim,mineiro,10879.32,10298
Sabará,mineiro,30474.48,129380
Sabinópolis,mineiro,21787.62,14240
Sacramento,mineiro,78738.77,26670
Salinas,mineiro,15942.32,40178
Salto da Divisa,mineiro,18829.72,6110
Santa Bárbara,mineiro,51093.18,30466
Santa Bárbara do Leste,mineiro,13595.98,8458
Santa Bárbara do Monte Verde,mineiro,17510.49,3095
Santa Bárbara do Tugúrio,mineiro,16098.97,4208
Santa Cruz de Minas,mineiro,11867.33,8109
Santa Cruz de Salinas,mineiro,12029.68,3910
Santa Cruz do Escalvado,mineiro,16399.94,4673
Santa Efigênia de Minas,mineiro,11717.67,4039
Santa Fé de Minas,mineiro,15749.38,3522
Santa Helena de Minas,mineiro,9046.39,5938
Santa Juliana,mineiro,59355.88,15734
Santa Luzia,mineiro,23863.19,219132
Santa Margarida,mineiro,21598.4,16395
Santa Maria de Itabira,mineiro,24757.78,10485
Santa Maria do Salto,mineiro,9608.97,4755
Santa Maria do Suaçuí,mineiro,11695.78,12788
Santa Rita de Caldas,mineiro,25612.88,8460
Santa Rita de Ibitipoca,mineiro,18272.52,3301
Santa Rita de Jacutinga,mineiro,15448.41,4755
Santa Rita de Minas,mineiro,20733.84,6773
Santa Rita do Itueto,mineiro,33004.29,5826
Santa Rita do Sapucaí,mineiro,43969.93,40635
Santa Rosa da Serra,mineiro,30331.26,3382
Santa Vitória,mineiro,40140.53,20973
Santana da Vargem,mineiro,34469.93,6691
Santana de Cataguases,mineiro,12773.83,3489
Santana de Pirapama,mineiro,15479.54,7030
Santana do Deserto,mineiro,11889.16,3747
Santana do Garambéu,mineiro,15700.64,2137
Santana do Jacaré,mineiro,21867.84,4214
Santana do Manhuaçu,mineiro,21922.2,8987
Santana do Paraíso,mineiro,20818.42,44800
Santana do Riacho,mineiro,23947,5313
Santana dos Montes,mineiro,13286.87,3469
Santo Antônio do Amparo,mineiro,18956.63,17285
Santo Antônio do Aventureiro,mineiro,18856.11,3769
Santo Antônio do Grama,mineiro,22189.15,4229
Santo Antônio do Itambé,mineiro,11880.62,3915
Santo Antônio do Jacinto,mineiro,9900.93,10327
Santo Antônio do Monte,mineiro,29473.46,27295
Santo Antônio do Retiro,mineiro,9670.55,6629
Santo Antônio do Rio Abaixo,mineiro,16228.63,1808
Santo Hipólito,mineiro,16491.4,2717
Santos Dumont,mineiro,23793.1,42406
São Bento Abade,mineiro,16505.34,4713
São Brás do Suaçuí,mineiro,21354.17,3989
São Domingos das Dores,mineiro,16117.24,5626
São Domingos do Prata,mineiro,18125.06,17392
São Félix de Minas,mineiro,13087.33,3200
São Francisco,mineiro,11446.32,52762
São Francisco de Paula,mineiro,23108.24,6187
São Francisco de Sales,mineiro,30763.55,5732
São Francisco do Glória,mineiro,15251.54,4800
São Geraldo,mineiro,20738.3,10282
São Geraldo da Piedade,mineiro,11611.66,3305
São Geraldo do Baixio,mineiro,12169.53,3143
São Gonçalo do Abaeté,mineiro,38182.29,7375
São Gonçalo do Pará,mineiro,24361.9,11770
São Gonçalo do Rio Abaixo,mineiro,684168.71,11850
São Gonçalo do Rio Preto,mineiro,15341.2,3032
São Gonçalo do Sapucaí,mineiro,38470.78,23959
São Gotardo,mineiro,32960.88,40910
São João Batista do Glória,mineiro,35560.06,7652
São João da Lagoa,mineiro,12208.13,4822
São João da Mata,mineiro,20081.08,2914
São João da Ponte,mineiro,10741.62,23930
São João das Missões,mineiro,6983.08,13024
São João del Rei,mineiro,33059.97,90225
São João do Manhuaçu,mineiro,15536.64,11246
São João do Manteninha,mineiro,13597.23,5331
São João do Oriente,mineiro,13780.13,7070
São João do Pacuí,mineiro,9974.47,3972
São João do Paraíso,mineiro,11979.66,23910
São João Evangelista,mineiro,16059.13,15315
São João Nepomuceno,mineiro,19084.4,25565
São Joaquim de Bicas,mineiro,33134.13,34348
São José da Barra,mineiro,118358.54,7793
São José da Lapa,mineiro,25528.59,26090
São José da Safira,mineiro,11549.69,3806
São José da Varginha,mineiro,22210.65,4536
São José do Alegre,mineiro,13723.34,4133
São José do Divino,mineiro,13774.55,3464
São José do Goiabal,mineiro,12581.76,5396
São José do Jacuri,mineiro,15589.16,6197
São José do Mantimento,mineiro,15659.26,2753
São Lourenço,mineiro,25310.43,44798
São Miguel do Anta,mineiro,15122.87,6334
São Pedro da União,mineiro,32471.15,4885
São Pedro do Suaçuí,mineiro,15850.23,5103
São Pedro dos Ferros,mineiro,17606.8,7166
São Romão,mineiro,19123.79,10315
São Roque de Minas,mineiro,45519.05,7129
São Sebastião da Bela Vista,mineiro,79135.44,6387
São Sebastião da Vargem Alegre,mineiro,21986.02,3113
São Sebastião do Anta,mineiro,15565.34,6194
São Sebastião do Maranhão,mineiro,10199.95,10079
São Sebastião do Oeste,mineiro,85924.5,8815
São Sebastião do Paraíso,mineiro,31099.51,71796
São Sebastião do Rio Preto,mineiro,17571.23,1259
São Sebastião do Rio Verde,mineiro,15800.11,2300
São Tomé das Letras,mineiro,19208.82,6904
São Tiago,mineiro,22414.96,11192
São Tomás de Aquino,mineiro,27976.08,6740
São Vicente de Minas,mineiro,26169.34,6804
Sapucaí-Mirim,mineiro,15652.58,6311
Sardoá,mineiro,10715.08,5104
Sarzedo,mineiro,64346.33,36844
Sem-Peixe,mineiro,14216.64,2433
Senador Amaral,mineiro,16672.42,6206
Senador Cortes,mineiro,19007.94,2240
Senador Firmino,mineiro,13512.67,7716
Senador José Bento,mineiro,24962.26,2068
Senador Modestino Gonçalves,mineiro,22733.52,4008
Senhora de Oliveira,mineiro,14013.7,5483
Senhora do Porto,mineiro,14157.59,3067
Senhora dos Remédios,mineiro,11053,10384
Sericita,mineiro,14303.08,7345
Seritinga,mineiro,24357.44,1819
Serra Azul de Minas,mineiro,10499.95,3792
Serra da Saudade,mineiro,28392.42,833
Serra do Salitre,mineiro,83678.44,11801
Serra dos Aimorés,mineiro,10433.7,6944
Serrania,mineiro,21083.52,7621
Serranópolis de Minas,mineiro,9813.13,4399
Serranos,mineiro,19785.54,1990
Serro,mineiro,13982.29,21952
Sete Lagoas,mineiro,51894.81,227397
Setubinha,mineiro,9820.38,9917
Silveirânia,mineiro,15505.21,2323
Silvianópolis,mineiro,22619.95,6179
Simão Pereira,mineiro,39707.08,2947
Simonésia,mineiro,14383.71,19750
Sobrália,mineiro,12303.29,5137
Soledade de Minas,mineiro,13150.84,5613
Tabuleiro,mineiro,17915.28,4014
Taiobeiras,mineiro,16085.74,33050
Taparuba,mineiro,15864.94,3387
Tapira,mineiro,140948.55,4118
Tapiraí,mineiro,29984.35,1690
Taquaraçu de Minas,mineiro,16000.68,4224
Tarumirim,mineiro,13189.15,14709
Teixeiras,mineiro,16380.33,12255
Teófilo Otoni,mineiro,20893.97,137418
Timóteo,mineiro,61482,81579
Tiradentes,mineiro,25209.23,7744
Tiros,mineiro,59641.82,7883
Tocantins,mineiro,20853.44,16185
Tocos do Moji,mineiro,17177.37,3826
Toledo,mineiro,16912.97,7214
Tombos,mineiro,17047.93,8609
Três Corações,mineiro,36734.42,75485
Três Marias,mineiro,95324.95,28895
Três Pontas,mineiro,32896.24,55255
Tumiritinga,mineiro,12198.83,5886
Tupaciguara,mineiro,37169.53,25470
Turmalina,mineiro,21879.01,20000
Turvolândia,mineiro,27420.97,4935
Ubá,mineiro,30288.91,103365
Ubaí,mineiro,9258.29,11708
Ubaporanga,mineiro,13424.24,13017
Uberaba,mineiro,59943.87,337836
Uberlândia,mineiro,61038.02,713224
Umburatiba,mineiro,17107.6,2684
Unaí,mineiro,50544.26,86619
União de Minas,mineiro,30580,3828
Uruana de Minas,mineiro,29820.95,3282
Urucânia,mineiro,23226.29,10600
Urucuia,mineiro,11061.34,17479
Vargem Alegre,mineiro,11970.81,5780
Vargem Bonita,mineiro,40894.45,2158
Vargem Grande do Rio Pardo,mineiro,13504.4,4633
Varginha,mineiro,58817.87,136467
Varjão de Minas,mineiro,43704.06,6969
Várzea da Palma,mineiro,26623.1,33744
Varzelândia,mineiro,9704.8,18840
Vazante,mineiro,56478.26,19975
Verdelândia,mineiro,12118.32,7672
Veredinha,mineiro,23208.11,5181
Veríssimo,mineiro,41671,3411
Vermelho Novo,mineiro,13235.02,4899
Vespasiano,mineiro,22909.06,129246
Viçosa,mineiro,22673.74,76430
Vieiras,mineiro,14974.51,3700
Virgem da Lapa,mineiro,9585.82,11804
Virgínia,mineiro,20855.96,8908
Virginópolis,mineiro,17587.98,10314
Virgolândia,mineiro,11818.51,4552
Visconde do Rio Branco,mineiro,31179.87,39160
Volta Grande,mineiro,26633.91,4443
Wenceslau Braz,mineiro,13011.59,2356
